spark,1000,150000,5000,3841,129352,258705
spark,1000,150000,5000,1642,11453,22906
spark,1000,150000,5000,1952,17306,34612
spark,1000,150000,5000,2035,14379,28759
spark,1000,150000,5000,2304,14379,28759
spark,1000,150000,5000,2330,14379,28759
spark,1000,150000,5000,1663,14379,28759
spark,1000,150000,5000,1690,14379,28759
spark,1000,150000,5000,1937,14379,28759
spark,1000,150000,5000,2263,14379,28759
spark,1000,150000,5000,1258,14379,28759
spark,1000,150000,5000,1487,14379,28759
spark,1000,150000,5000,1806,14379,28759
spark,1000,150000,5000,2205,14379,28759
spark,1000,150000,5000,995,14379,28759
spark,1000,150000,5000,2177,289,578
spark,1000,150000,5000,3273,291,583
spark,1000,150000,5000,4354,289,578
spark,1000,150000,5000,5404,289,579
spark,1000,150000,5000,6354,291,583
spark,1000,150000,5000,7489,288,577
spark,1000,150000,5000,8560,283,567
spark,1000,150000,5000,9648,286,573
spark,1000,150000,5000,10622,288,577
spark,1000,150000,5000,11666,284,568
spark,1000,150000,5000,12851,290,580
spark,1000,150000,5000,13850,287,575
spark,1000,150000,5000,14925,292,584
spark,1000,150000,5000,15881,290,580
spark,1000,150000,5000,17027,276,553
spark,1000,150000,5000,18058,288,576
spark,1000,150000,5000,3780,288,577
spark,1000,150000,5000,2117,289,578
spark,1000,150000,5000,3095,293,586
spark,1000,150000,5000,4229,289,578
spark,1000,150000,5000,5285,283,566
spark,1000,150000,5000,6598,287,574
spark,1000,150000,5000,7688,282,564
spark,1000,150000,5000,8988,288,576
spark,1000,150000,5000,10129,289,579
spark,1000,150000,5000,11552,286,572
spark,1000,150000,5000,12812,281,563
spark,1000,150000,5000,14047,288,577
spark,1000,150000,5000,15268,285,570
spark,1000,150000,5000,16421,290,580
spark,1000,150000,5000,17662,288,576
spark,1000,150000,5000,19028,293,587
spark,1000,150000,5000,20091,289,578
spark,1000,150000,5000,21604,289,579
spark,1000,150000,5000,22791,287,574
spark,1000,150000,5000,24074,285,570
spark,1000,150000,5000,25329,293,587
spark,1000,150000,5000,26508,291,582
spark,1000,150000,5000,27907,283,567
spark,1000,150000,5000,29056,289,578
spark,1000,150000,5000,30164,281,563
spark,1000,150000,5000,31429,282,565
spark,1000,150000,5000,32651,289,579
spark,1000,150000,5000,33991,282,565
spark,1000,150000,5000,36180,289,578
spark,1000,150000,5000,38232,286,573
spark,1000,150000,5000,39596,287,574
spark,1000,150000,5000,40875,288,577
spark,1000,150000,5000,42299,287,574
spark,1000,150000,5000,43494,291,582
spark,1000,150000,5000,44751,289,578
spark,1000,150000,5000,45989,291,583
spark,1000,150000,5000,47429,289,578
spark,1000,150000,5000,48569,289,579
spark,1000,150000,5000,49712,291,583
spark,1000,150000,5000,51070,288,577
spark,1000,150000,5000,52190,283,567
spark,1000,150000,5000,53609,286,573
spark,1000,150000,5000,55334,288,577
spark,1000,150000,5000,56623,284,568
spark,1000,150000,5000,57877,290,580
spark,1000,150000,5000,59086,287,575
spark,1000,150000,5000,60362,292,584
spark,1000,150000,5000,61457,290,580
spark,1000,150000,5000,62688,276,553
spark,1000,150000,5000,63883,288,576
spark,1000,150000,5000,65189,288,577
spark,1000,150000,5000,66345,289,578
spark,1000,150000,5000,67632,293,586
spark,1000,150000,5000,68675,289,578
spark,1000,150000,5000,69931,283,566
spark,1000,150000,5000,71189,287,574
spark,1000,150000,5000,72292,282,564
spark,1000,150000,5000,73672,288,576
spark,1000,150000,5000,74881,289,579
spark,1000,150000,5000,76150,286,572
spark,1000,150000,5000,77173,281,563
spark,1000,150000,5000,78444,288,577
spark,1000,150000,5000,79641,285,570
spark,1000,150000,5000,80619,290,580
spark,1000,150000,5000,81700,288,576
spark,1000,150000,5000,24004,293,587
spark,1000,150000,5000,2057,289,578
spark,1000,150000,5000,3052,289,579
spark,1000,150000,5000,4192,287,574
spark,1000,150000,5000,5153,285,570
spark,1000,150000,5000,6163,293,587
spark,1000,150000,5000,7293,291,582
spark,1000,150000,5000,8351,283,567
spark,1000,150000,5000,9479,289,578
spark,1000,150000,5000,10500,281,563
spark,1000,150000,5000,11621,282,565
spark,1000,150000,5000,12573,289,579
spark,1000,150000,5000,13560,282,565
spark,1000,150000,5000,14622,289,578
spark,1000,150000,5000,15579,286,573
spark,1000,150000,5000,16817,287,574
spark,1000,150000,5000,17941,288,577
spark,1000,150000,5000,18913,287,574
spark,1000,150000,5000,19975,291,582
spark,1000,150000,5000,20945,289,578
spark,1000,150000,5000,22066,291,583
spark,1000,150000,5000,23028,289,578
spark,1000,150000,5000,23984,289,579
spark,1000,150000,5000,25077,291,583
spark,1000,150000,5000,26040,288,577
spark,1000,150000,5000,27064,283,567
spark,1000,150000,5000,28176,286,573
spark,1000,150000,5000,29093,288,577
spark,1000,150000,5000,30186,284,568
spark,1000,150000,5000,31289,290,580
spark,1000,150000,5000,32259,287,575
spark,1000,150000,5000,33387,292,584
spark,1000,150000,5000,34339,290,580
spark,1000,150000,5000,35446,276,553
spark,1000,150000,5000,36408,288,576
spark,1000,150000,5000,37372,288,577
spark,1000,150000,5000,38467,289,578
spark,1000,150000,5000,39440,293,586
spark,1000,150000,5000,40554,289,578
spark,1000,150000,5000,41468,283,566
spark,1000,150000,5000,42465,287,574
spark,1000,150000,5000,43590,282,564
spark,1000,150000,5000,44566,288,576
spark,1000,150000,5000,45670,289,579
spark,1000,150000,5000,47132,286,572
spark,1000,150000,5000,48301,281,563
spark,1000,150000,5000,49611,288,577
spark,1000,150000,5000,50775,285,570
spark,1000,150000,5000,51934,290,580
spark,1000,150000,5000,53383,288,576
spark,1000,150000,5000,54519,293,587
spark,1000,150000,5000,55716,289,578
spark,1000,150000,5000,56856,289,579
spark,1000,150000,5000,58002,287,574
spark,1000,150000,5000,59277,285,570
spark,1000,150000,5000,60401,293,587
spark,1000,150000,5000,61731,291,582
spark,1000,150000,5000,63058,283,567
spark,1000,150000,5000,64167,289,578
spark,1000,150000,5000,66169,281,563
spark,1000,150000,5000,68016,282,565
spark,1000,150000,5000,69335,289,579
spark,1000,150000,5000,70503,282,565
spark,1000,150000,5000,71784,289,578
spark,1000,150000,5000,73166,286,573
spark,1000,150000,5000,28794,287,574
spark,1000,150000,5000,2095,288,577
spark,1000,150000,5000,3374,287,574
spark,1000,150000,5000,4512,291,582
spark,1000,150000,5000,5851,289,578
spark,1000,150000,5000,6945,291,583
spark,1000,150000,5000,8019,289,578
spark,1000,150000,5000,9287,289,579
spark,1000,150000,5000,10440,291,583
spark,1000,150000,5000,11645,288,577
spark,1000,150000,5000,12644,283,567
spark,1000,150000,5000,13860,286,573
spark,1000,150000,5000,15106,288,577
spark,1000,150000,5000,16233,284,568
spark,1000,150000,5000,17538,290,580
spark,1000,150000,5000,18560,287,575
spark,1000,150000,5000,19630,292,584
spark,1000,150000,5000,21081,290,580
spark,1000,150000,5000,22154,276,553
spark,1000,150000,5000,23456,288,576
spark,1000,150000,5000,24540,288,577
spark,1000,150000,5000,25643,289,578
spark,1000,150000,5000,27194,293,586
spark,1000,150000,5000,28297,289,578
spark,1000,150000,5000,29562,283,566
spark,1000,150000,5000,30598,287,574
spark,1000,150000,5000,31681,282,564
spark,1000,150000,5000,32930,288,576
spark,1000,150000,5000,34255,289,579
spark,1000,150000,5000,35581,286,572
spark,1000,150000,5000,36607,281,563
spark,1000,150000,5000,37647,288,577
spark,1000,150000,5000,38910,285,570
spark,1000,150000,5000,40012,290,580
spark,1000,150000,5000,41341,288,576
spark,1000,150000,5000,42429,293,587
spark,1000,150000,5000,43439,289,578
spark,1000,150000,5000,44610,289,579
spark,1000,150000,5000,45723,287,574
spark,1000,150000,5000,47029,285,570
spark,1000,150000,5000,48054,293,587
spark,1000,150000,5000,49186,291,582
spark,1000,150000,5000,50462,283,567
spark,1000,150000,5000,51521,289,578
spark,1000,150000,5000,52813,281,563
spark,1000,150000,5000,53980,282,565
spark,1000,150000,5000,55103,289,579
spark,1000,150000,5000,56448,282,565
spark,1000,150000,5000,57470,289,578
spark,1000,150000,5000,58649,286,573
spark,1000,150000,5000,59705,287,574
spark,1000,150000,5000,60814,288,577
spark,1000,150000,5000,62450,287,574
spark,1000,150000,5000,63484,291,582
spark,1000,150000,5000,64753,289,578
spark,1000,150000,5000,65821,291,583
spark,1000,150000,5000,66892,289,578
spark,1000,150000,5000,68172,289,579
spark,1000,150000,5000,69398,291,583
spark,1000,150000,5000,70628,288,577
spark,1000,150000,5000,71764,283,567
spark,1000,150000,5000,72889,286,573
spark,1000,150000,5000,74150,288,577
spark,1000,150000,5000,75311,284,568
spark,1000,150000,5000,76621,290,580
spark,1000,150000,5000,39413,287,575
spark,1000,150000,5000,2122,292,584
spark,1000,150000,5000,3354,290,580
spark,1000,150000,5000,4487,276,553
spark,1000,150000,5000,5792,288,576
spark,1000,150000,5000,6893,288,577
spark,1000,150000,5000,7977,289,578
spark,1000,150000,5000,9385,293,586
spark,1000,150000,5000,10467,289,578
spark,1000,150000,5000,11633,283,566
spark,1000,150000,5000,12665,287,574
spark,1000,150000,5000,14518,282,564
spark,1000,150000,5000,15896,288,576
spark,1000,150000,5000,16971,289,579
spark,1000,150000,5000,18214,286,572
spark,1000,150000,5000,19307,281,563
spark,1000,150000,5000,20455,288,577
spark,1000,150000,5000,21706,285,570
spark,1000,150000,5000,22908,290,580
spark,1000,150000,5000,24234,288,576
spark,1000,150000,5000,25330,293,587
spark,1000,150000,5000,26500,289,578
spark,1000,150000,5000,27902,289,579
spark,1000,150000,5000,28968,287,574
spark,1000,150000,5000,30337,285,570
spark,1000,150000,5000,31515,293,587
spark,1000,150000,5000,32557,291,582
spark,1000,150000,5000,33864,283,567
spark,1000,150000,5000,35007,289,578
spark,1000,150000,5000,36227,281,563
spark,1000,150000,5000,37291,282,565
spark,1000,150000,5000,38402,289,579
spark,1000,150000,5000,39710,282,565
spark,1000,150000,5000,40857,289,578
spark,1000,150000,5000,42088,286,573
spark,1000,150000,5000,43127,287,574
spark,1000,150000,5000,44384,288,577
spark,1000,150000,5000,45617,287,574
spark,1000,150000,5000,46664,291,582
spark,1000,150000,5000,47983,289,578
spark,1000,150000,5000,49083,291,583
spark,1000,150000,5000,50167,289,578
spark,1000,150000,5000,51438,289,579
spark,1000,150000,5000,52448,291,583
spark,1000,150000,5000,53953,288,577
spark,1000,150000,5000,54998,283,567
spark,1000,150000,5000,56035,286,573
spark,1000,150000,5000,57281,288,577
spark,1000,150000,5000,58364,284,568
spark,1000,150000,5000,59647,290,580
spark,1000,150000,5000,60751,287,575
spark,1000,150000,5000,61867,292,584
spark,1000,150000,5000,63023,290,580
spark,1000,150000,5000,64032,276,553
spark,1000,150000,5000,65326,288,576
spark,1000,150000,5000,66488,288,577
spark,1000,150000,5000,67574,289,578
spark,1000,150000,5000,68791,293,586
spark,1000,150000,5000,69901,289,578
spark,1000,150000,5000,71192,283,566
spark,1000,150000,5000,72288,287,574
spark,1000,150000,5000,73393,282,564
spark,1000,150000,5000,74666,288,576
spark,1000,150000,5000,75738,289,579
spark,1000,150000,5000,76989,286,572
spark,1000,150000,5000,49554,281,563
spark,1000,150000,5000,2054,288,577
spark,1000,150000,5000,3375,285,570
spark,1000,150000,5000,4729,290,580
spark,1000,150000,5000,5955,288,576
spark,1000,150000,5000,7096,293,587
spark,1000,150000,5000,8104,289,578
spark,1000,150000,5000,9319,289,579
spark,1000,150000,5000,10372,287,574
spark,1000,150000,5000,11694,285,570
spark,1000,150000,5000,12840,293,587
spark,1000,150000,5000,13977,291,582
spark,1000,150000,5000,15221,283,567
spark,1000,150000,5000,16245,289,578
spark,1000,150000,5000,17513,281,563
spark,1000,150000,5000,18633,282,565
spark,1000,150000,5000,19689,289,579
spark,1000,150000,5000,21009,282,565
spark,1000,150000,5000,22163,289,578
spark,1000,150000,5000,23487,286,573
spark,1000,150000,5000,24517,287,574
spark,1000,150000,5000,25572,288,577
spark,1000,150000,5000,26863,287,574
spark,1000,150000,5000,28171,291,582
spark,1000,150000,5000,29447,289,578
spark,1000,150000,5000,30485,291,583
spark,1000,150000,5000,31617,289,578
spark,1000,150000,5000,32844,289,579
spark,1000,150000,5000,33901,291,583
spark,1000,150000,5000,35106,288,577
spark,1000,150000,5000,36099,283,567
spark,1000,150000,5000,37209,286,573
spark,1000,150000,5000,38563,288,577
spark,1000,150000,5000,39667,284,568
spark,1000,150000,5000,40910,290,580
spark,1000,150000,5000,41970,287,575
spark,1000,150000,5000,43114,292,584
spark,1000,150000,5000,44237,290,580
spark,1000,150000,5000,45297,276,553
spark,1000,150000,5000,46520,288,576
spark,1000,150000,5000,47605,288,577
spark,1000,150000,5000,48828,289,578
spark,1000,150000,5000,50114,293,586
spark,1000,150000,5000,51123,289,578
spark,1000,150000,5000,52366,283,566
spark,1000,150000,5000,53548,287,574
spark,1000,150000,5000,54654,282,564
spark,1000,150000,5000,55840,288,576
spark,1000,150000,5000,56904,289,579
spark,1000,150000,5000,58198,286,572
spark,1000,150000,5000,59309,281,563
spark,1000,150000,5000,60433,288,577
spark,1000,150000,5000,61671,285,570
spark,1000,150000,5000,62724,290,580
spark,1000,150000,5000,64242,288,576
spark,1000,150000,5000,65504,293,587
spark,1000,150000,5000,66529,289,578
spark,1000,150000,5000,67854,289,579
spark,1000,150000,5000,68931,287,574
spark,1000,150000,5000,70186,285,570
spark,1000,150000,5000,71224,293,587
spark,1000,150000,5000,72396,291,582
spark,1000,150000,5000,73681,283,567
spark,1000,150000,5000,74810,289,578
spark,1000,150000,5000,76118,281,563
spark,1000,150000,5000,55458,282,565
spark,1000,150000,5000,1998,289,579
spark,1000,150000,5000,3657,282,565
spark,1000,150000,5000,4737,289,578
spark,1000,150000,5000,6025,286,573
spark,1000,150000,5000,7101,287,574
spark,1000,150000,5000,8237,288,577
spark,1000,150000,5000,9569,287,574
spark,1000,150000,5000,10630,291,582
spark,1000,150000,5000,11828,289,578
spark,1000,150000,5000,12935,291,583
spark,1000,150000,5000,14017,289,578
spark,1000,150000,5000,15234,289,579
spark,1000,150000,5000,16363,291,583
spark,1000,150000,5000,17654,288,577
spark,1000,150000,5000,18693,283,567
spark,1000,150000,5000,19776,286,573
spark,1000,150000,5000,21002,288,577
spark,1000,150000,5000,22269,284,568
spark,1000,150000,5000,23650,290,580
spark,1000,150000,5000,24682,287,575
spark,1000,150000,5000,25738,292,584
spark,1000,150000,5000,26950,290,580
spark,1000,150000,5000,28036,276,553
spark,1000,150000,5000,29297,288,576
spark,1000,150000,5000,30424,288,577
spark,1000,150000,5000,31552,289,578
spark,1000,150000,5000,32816,293,586
spark,1000,150000,5000,33848,289,578
spark,1000,150000,5000,35071,283,566
spark,1000,150000,5000,36157,287,574
spark,1000,150000,5000,37232,282,564
spark,1000,150000,5000,38593,288,576
spark,1000,150000,5000,39626,289,579
spark,1000,150000,5000,40842,286,572
spark,1000,150000,5000,41885,281,563
spark,1000,150000,5000,42989,288,577
spark,1000,150000,5000,44381,285,570
spark,1000,150000,5000,45459,290,580
spark,1000,150000,5000,46697,288,576
spark,1000,150000,5000,47741,293,587
spark,1000,150000,5000,48771,289,578
spark,1000,150000,5000,50036,289,579
spark,1000,150000,5000,51115,287,574
spark,1000,150000,5000,52443,285,570
spark,1000,150000,5000,53858,293,587
spark,1000,150000,5000,54964,291,582
spark,1000,150000,5000,56214,283,567
spark,1000,150000,5000,57494,289,578
spark,1000,150000,5000,58838,281,563
spark,1000,150000,5000,59911,282,565
spark,1000,150000,5000,60979,289,579
spark,1000,150000,5000,62200,282,565
spark,1000,150000,5000,63256,289,578
spark,1000,150000,5000,64529,286,573
spark,1000,150000,5000,65610,287,574
spark,1000,150000,5000,66688,288,577
spark,1000,150000,5000,67933,287,574
spark,1000,150000,5000,69037,291,582
spark,1000,150000,5000,70265,289,578
spark,1000,150000,5000,71363,291,583
spark,1000,150000,5000,72475,289,578
spark,1000,150000,5000,73787,289,579
spark,1000,150000,5000,74850,291,583
spark,1000,150000,5000,76145,288,577
spark,1000,150000,5000,64415,283,567
spark,1000,150000,5000,2018,286,573
spark,1000,150000,5000,3341,288,577
spark,1000,150000,5000,4484,284,568
spark,1000,150000,5000,5749,290,580
spark,1000,150000,5000,6776,287,575
spark,1000,150000,5000,7927,292,584
spark,1000,150000,5000,9126,290,580
spark,1000,150000,5000,10179,276,553
spark,1000,150000,5000,11505,288,576
spark,1000,150000,5000,12554,288,577
spark,1000,150000,5000,13638,289,578
spark,1000,150000,5000,14891,293,586
spark,1000,150000,5000,15938,289,578
spark,1000,150000,5000,17270,283,566
spark,1000,150000,5000,18295,287,574
spark,1000,150000,5000,19333,282,564
spark,1000,150000,5000,20542,288,576
spark,1000,150000,5000,21661,289,579
spark,1000,150000,5000,23054,286,572
spark,1000,150000,5000,24108,281,563
spark,1000,150000,5000,25110,288,577
spark,1000,150000,5000,26291,285,570
spark,1000,150000,5000,27418,290,580
spark,1000,150000,5000,28648,288,576
spark,1000,150000,5000,29688,293,587
spark,1000,150000,5000,30735,289,578
spark,1000,150000,5000,32042,289,579
spark,1000,150000,5000,33157,287,574
spark,1000,150000,5000,34589,285,570
spark,1000,150000,5000,35666,293,587
spark,1000,150000,5000,36729,291,582
spark,1000,150000,5000,38955,283,567
spark,1000,150000,5000,40443,289,578
spark,1000,150000,5000,41789,281,563
spark,1000,150000,5000,42802,282,565
spark,1000,150000,5000,43928,289,579
spark,1000,150000,5000,45127,282,565
spark,1000,150000,5000,46174,289,578
spark,1000,150000,5000,47445,286,573
spark,1000,150000,5000,48560,287,574
spark,1000,150000,5000,49671,288,577
spark,1000,150000,5000,50872,287,574
spark,1000,150000,5000,51936,291,582
spark,1000,150000,5000,53245,289,578
spark,1000,150000,5000,54298,291,583
spark,1000,150000,5000,55377,289,578
spark,1000,150000,5000,56595,289,579
spark,1000,150000,5000,57713,291,583
spark,1000,150000,5000,59074,288,577
spark,1000,150000,5000,60133,283,567
spark,1000,150000,5000,61188,286,573
spark,1000,150000,5000,62657,288,577
spark,1000,150000,5000,63756,284,568
spark,1000,150000,5000,65283,290,580
spark,1000,150000,5000,66410,287,575
spark,1000,150000,5000,67463,292,584
spark,1000,150000,5000,68770,290,580
spark,1000,150000,5000,69880,276,553
spark,1000,150000,5000,71122,288,576
spark,1000,150000,5000,72173,288,577
spark,1000,150000,5000,73297,289,578
spark,1000,150000,5000,74602,293,586
spark,1000,150000,5000,75653,289,578
spark,1000,150000,5000,76858,283,566
spark,1000,150000,5000,72439,287,574
spark,1000,150000,5000,1985,282,564
spark,1000,150000,5000,3188,288,576
spark,1000,150000,5000,4226,289,579
spark,1000,150000,5000,5551,286,572
spark,1000,150000,5000,6633,281,563
spark,1000,150000,5000,7737,288,577
spark,1000,150000,5000,8948,285,570
spark,1000,150000,5000,10034,290,580
spark,1000,150000,5000,11315,288,576
spark,1000,150000,5000,12398,293,587
spark,1000,150000,5000,13441,289,578
spark,1000,150000,5000,14686,289,579
spark,1000,150000,5000,15863,287,574
spark,1000,150000,5000,17067,285,570
spark,1000,150000,5000,18112,293,587
spark,1000,150000,5000,19169,291,582
spark,1000,150000,5000,20720,283,567
spark,1000,150000,5000,21825,289,578
spark,1000,150000,5000,23228,281,563
spark,1000,150000,5000,24286,282,565
spark,1000,150000,5000,25364,289,579
spark,1000,150000,5000,26655,282,565
spark,1000,150000,5000,27753,289,578
spark,1000,150000,5000,29070,286,573
spark,1000,150000,5000,30103,287,574
spark,1000,150000,5000,31134,288,577
spark,1000,150000,5000,32353,287,574
spark,1000,150000,5000,33451,291,582
spark,1000,150000,5000,34687,289,578
spark,1000,150000,5000,35795,291,583
spark,1000,150000,5000,36881,289,578
spark,1000,150000,5000,38070,289,579
spark,1000,150000,5000,39090,291,583
spark,1000,150000,5000,40351,288,577
spark,1000,150000,5000,41461,283,567
spark,1000,150000,5000,42512,286,573
spark,1000,150000,5000,44199,288,577
spark,1000,150000,5000,45287,284,568
spark,1000,150000,5000,46602,290,580
spark,1000,150000,5000,47727,287,575
spark,1000,150000,5000,48858,292,584
spark,1000,150000,5000,50052,290,580
spark,1000,150000,5000,51082,276,553
spark,1000,150000,5000,52324,288,576
spark,1000,150000,5000,53384,288,577
spark,1000,150000,5000,54496,289,578
spark,1000,150000,5000,55722,293,586
spark,1000,150000,5000,56886,289,578
spark,1000,150000,5000,58082,283,566
spark,1000,150000,5000,59109,287,574
spark,1000,150000,5000,60268,282,564
spark,1000,150000,5000,62012,288,576
spark,1000,150000,5000,63028,289,579
spark,1000,150000,5000,64270,286,572
spark,1000,150000,5000,65355,281,563
spark,1000,150000,5000,66434,288,577
spark,1000,150000,5000,67592,285,570
spark,1000,150000,5000,68749,290,580
spark,1000,150000,5000,69948,288,576
spark,1000,150000,5000,71082,293,587
spark,1000,150000,5000,72090,289,578
spark,1000,150000,5000,73323,289,579
spark,1000,150000,5000,74377,287,574
spark,1000,150000,5000,75606,285,570
spark,1000,150000,5000,76745,293,587
spark,1000,150000,5000,4664,291,582
spark,1000,150000,5000,2175,283,567
spark,1000,150000,5000,3263,289,578
spark,1000,150000,5000,4483,281,563
spark,1000,150000,5000,5706,282,565
spark,1000,150000,5000,6921,289,579
spark,1000,150000,5000,7975,282,565
spark,1000,150000,5000,8986,289,578
spark,1000,150000,5000,10192,286,573
spark,1000,150000,5000,11329,287,574
spark,1000,150000,5000,12349,288,577
spark,1000,150000,5000,13592,287,574
spark,1000,150000,5000,14710,291,582
spark,1000,150000,5000,16052,289,578
spark,1000,150000,5000,17160,291,583
spark,1000,150000,5000,18219,289,578
spark,1000,150000,5000,19453,289,579
spark,1000,150000,5000,20535,291,583
spark,1000,150000,5000,21823,288,577
spark,1000,150000,5000,22809,283,567
spark,1000,150000,5000,23935,286,573
spark,1000,150000,5000,25240,288,577
spark,1000,150000,5000,26335,284,568
spark,1000,150000,5000,27637,290,580
spark,1000,150000,5000,28667,287,575
spark,1000,150000,5000,29798,292,584
spark,1000,150000,5000,31014,290,580
spark,1000,150000,5000,32057,276,553
spark,1000,150000,5000,33316,288,576
spark,1000,150000,5000,34367,288,577
spark,1000,150000,5000,35553,289,578
spark,1000,150000,5000,36947,293,586
spark,1000,150000,5000,37972,289,578
spark,1000,150000,5000,39244,283,566
spark,1000,150000,5000,40414,287,574
spark,1000,150000,5000,41411,282,564
spark,1000,150000,5000,42707,288,576
spark,1000,150000,5000,43808,289,579
spark,1000,150000,5000,45140,286,572
spark,1000,150000,5000,46236,281,563
spark,1000,150000,5000,47269,288,577
spark,1000,150000,5000,48491,285,570
spark,1000,150000,5000,49619,290,580
spark,1000,150000,5000,50843,288,576
spark,1000,150000,5000,52016,293,587
spark,1000,150000,5000,53047,289,578
spark,1000,150000,5000,54287,289,579
spark,1000,150000,5000,55420,287,574
spark,1000,150000,5000,56732,285,570
spark,1000,150000,5000,57786,293,587
spark,1000,150000,5000,58853,291,582
spark,1000,150000,5000,60142,283,567
spark,1000,150000,5000,61261,289,578
spark,1000,150000,5000,62570,281,563
spark,1000,150000,5000,63626,282,565
spark,1000,150000,5000,64708,289,579
spark,1000,150000,5000,65964,282,565
spark,1000,150000,5000,67002,289,578
spark,1000,150000,5000,68233,286,573
spark,1000,150000,5000,69305,287,574
spark,1000,150000,5000,70363,288,577
spark,1000,150000,5000,71727,287,574
spark,1000,150000,5000,72804,291,582
spark,1000,150000,5000,74113,289,578
spark,1000,150000,5000,75215,291,583
spark,1000,150000,5000,15330,289,578
spark,1000,150000,5000,2255,289,579
spark,1000,150000,5000,3301,291,583
spark,1000,150000,5000,4675,288,577
spark,1000,150000,5000,5696,283,567
spark,1000,150000,5000,6781,286,573
spark,1000,150000,5000,7940,288,577
spark,1000,150000,5000,9055,284,568
spark,1000,150000,5000,10285,290,580
spark,1000,150000,5000,11368,287,575
spark,1000,150000,5000,12426,292,584
spark,1000,150000,5000,13610,290,580
spark,1000,150000,5000,14733,276,553
spark,1000,150000,5000,16053,288,576
spark,1000,150000,5000,17158,288,577
spark,1000,150000,5000,18214,289,578
spark,1000,150000,5000,19410,293,586
spark,1000,150000,5000,20514,289,578
spark,1000,150000,5000,21814,283,566
spark,1000,150000,5000,22851,287,574
spark,1000,150000,5000,24126,282,564
spark,1000,150000,5000,25352,288,576
spark,1000,150000,5000,26350,289,579
spark,1000,150000,5000,27594,286,572
spark,1000,150000,5000,28666,281,563
spark,1000,150000,5000,29767,288,577
spark,1000,150000,5000,30960,285,570
spark,1000,150000,5000,32065,290,580
spark,1000,150000,5000,33259,288,576
spark,1000,150000,5000,34319,293,587
spark,1000,150000,5000,35353,289,578
spark,1000,150000,5000,36659,289,579
spark,1000,150000,5000,37831,287,574
spark,1000,150000,5000,39158,285,570
spark,1000,150000,5000,40176,293,587
spark,1000,150000,5000,41306,291,582
spark,1000,150000,5000,42575,283,567
spark,1000,150000,5000,43638,289,578
spark,1000,150000,5000,44906,281,563
spark,1000,150000,5000,46019,282,565
spark,1000,150000,5000,47141,289,579
spark,1000,150000,5000,48310,282,565
spark,1000,150000,5000,49350,289,578
spark,1000,150000,5000,50585,286,573
spark,1000,150000,5000,51725,287,574
spark,1000,150000,5000,52805,288,577
spark,1000,150000,5000,54079,287,574
spark,1000,150000,5000,55166,291,582
spark,1000,150000,5000,56502,289,578
spark,1000,150000,5000,57596,291,583
spark,1000,150000,5000,58652,289,578
spark,1000,150000,5000,59965,289,579
spark,1000,150000,5000,61118,291,583
spark,1000,150000,5000,62329,288,577
spark,1000,150000,5000,63337,283,567
spark,1000,150000,5000,64389,286,573
spark,1000,150000,5000,65680,288,577
spark,1000,150000,5000,66770,284,568
spark,1000,150000,5000,68018,290,580
spark,1000,150000,5000,69069,287,575
spark,1000,150000,5000,70160,292,584
spark,1000,150000,5000,71312,290,580
spark,1000,150000,5000,72656,276,553
spark,1000,150000,5000,73901,288,576
spark,1000,150000,5000,75259,288,577
spark,1000,150000,5000,20791,289,578
spark,1000,150000,5000,2253,293,586
spark,1000,150000,5000,3339,289,578
spark,1000,150000,5000,4587,283,566
spark,1000,150000,5000,5631,287,574
spark,1000,150000,5000,6902,282,564
spark,1000,150000,5000,8010,288,576
spark,1000,150000,5000,9090,289,579
spark,1000,150000,5000,10341,286,572
spark,1000,150000,5000,11499,281,563
spark,1000,150000,5000,12537,288,577
spark,1000,150000,5000,13822,285,570
spark,1000,150000,5000,14876,290,580
spark,1000,150000,5000,16193,288,576
spark,1000,150000,5000,17337,293,587
spark,1000,150000,5000,18377,289,578
spark,1000,150000,5000,19587,289,579
spark,1000,150000,5000,20610,287,574
spark,1000,150000,5000,21849,285,570
spark,1000,150000,5000,22901,293,587
spark,1000,150000,5000,23984,291,582
spark,1000,150000,5000,25280,283,567
spark,1000,150000,5000,26395,289,578
spark,1000,150000,5000,27654,281,563
spark,1000,150000,5000,28668,282,565
spark,1000,150000,5000,29731,289,579
spark,1000,150000,5000,31026,282,565
spark,1000,150000,5000,32200,289,578
spark,1000,150000,5000,33463,286,573
spark,1000,150000,5000,34540,287,574
spark,1000,150000,5000,35559,288,577
spark,1000,150000,5000,36730,287,574
spark,1000,150000,5000,37774,291,582
spark,1000,150000,5000,39003,289,578
spark,1000,150000,5000,40099,291,583
spark,1000,150000,5000,41194,289,578
spark,1000,150000,5000,42450,289,579
spark,1000,150000,5000,43565,291,583
spark,1000,150000,5000,44754,288,577
spark,1000,150000,5000,45778,283,567
spark,1000,150000,5000,46905,286,573
spark,1000,150000,5000,48257,288,577
spark,1000,150000,5000,49390,284,568
spark,1000,150000,5000,50636,290,580
spark,1000,150000,5000,51673,287,575
spark,1000,150000,5000,52697,292,584
spark,1000,150000,5000,53891,290,580
spark,1000,150000,5000,55399,276,553
spark,1000,150000,5000,56713,288,576
spark,1000,150000,5000,57754,288,577
spark,1000,150000,5000,58787,289,578
spark,1000,150000,5000,60000,293,586
spark,1000,150000,5000,61097,289,578
spark,1000,150000,5000,62364,283,566
spark,1000,150000,5000,63466,287,574
spark,1000,150000,5000,64514,282,564
spark,1000,150000,5000,65692,288,576
spark,1000,150000,5000,66710,289,579
spark,1000,150000,5000,68047,286,572
spark,1000,150000,5000,69112,281,563
spark,1000,150000,5000,70141,288,577
spark,1000,150000,5000,71339,285,570
spark,1000,150000,5000,72570,290,580
spark,1000,150000,5000,73841,288,576
spark,1000,150000,5000,74914,293,587
spark,1000,150000,5000,29858,289,578
spark,1000,150000,5000,2261,289,579
spark,1000,150000,5000,3289,287,574
spark,1000,150000,5000,4492,285,570
spark,1000,150000,5000,5556,293,587
spark,1000,150000,5000,6699,291,582
spark,1000,150000,5000,7943,283,567
spark,1000,150000,5000,9010,289,578
spark,1000,150000,5000,10296,281,563
spark,1000,150000,5000,11320,282,565
spark,1000,150000,5000,12427,289,579
spark,1000,150000,5000,13610,282,565
spark,1000,150000,5000,14690,289,578
spark,1000,150000,5000,15955,286,573
spark,1000,150000,5000,17105,287,574
spark,1000,150000,5000,18221,288,577
spark,1000,150000,5000,19430,287,574
spark,1000,150000,5000,20512,291,582
spark,1000,150000,5000,21817,289,578
spark,1000,150000,5000,22878,291,583
spark,1000,150000,5000,23895,289,578
spark,1000,150000,5000,25077,289,579
spark,1000,150000,5000,26150,291,583
spark,1000,150000,5000,27479,288,577
spark,1000,150000,5000,28522,283,567
spark,1000,150000,5000,29612,286,573
spark,1000,150000,5000,30815,288,577
spark,1000,150000,5000,31889,284,568
spark,1000,150000,5000,33121,290,580
spark,1000,150000,5000,34218,287,575
spark,1000,150000,5000,35324,292,584
spark,1000,150000,5000,36511,290,580
spark,1000,150000,5000,37610,276,553
spark,1000,150000,5000,38847,288,576
spark,1000,150000,5000,39886,288,577
spark,1000,150000,5000,40912,289,578
spark,1000,150000,5000,42072,293,586
spark,1000,150000,5000,43299,289,578
spark,1000,150000,5000,44509,283,566
spark,1000,150000,5000,45603,287,574
spark,1000,150000,5000,46626,282,564
spark,1000,150000,5000,47853,288,576
spark,1000,150000,5000,48850,289,579
spark,1000,150000,5000,50044,286,572
spark,1000,150000,5000,51184,281,563
spark,1000,150000,5000,52291,288,577
spark,1000,150000,5000,53501,285,570
spark,1000,150000,5000,54587,290,580
spark,1000,150000,5000,55818,288,576
spark,1000,150000,5000,56835,293,587
spark,1000,150000,5000,57891,289,578
spark,1000,150000,5000,59159,289,579
spark,1000,150000,5000,60275,287,574
spark,1000,150000,5000,61463,285,570
spark,1000,150000,5000,62632,293,587
spark,1000,150000,5000,63693,291,582
spark,1000,150000,5000,64928,283,567
spark,1000,150000,5000,66009,289,578
spark,1000,150000,5000,67289,281,563
spark,1000,150000,5000,68282,282,565
spark,1000,150000,5000,69336,289,579
spark,1000,150000,5000,70559,282,565
spark,1000,150000,5000,71634,289,578
spark,1000,150000,5000,72896,286,573
spark,1000,150000,5000,74077,287,574
spark,1000,150000,5000,37495,288,577
spark,1000,150000,5000,2210,287,574
spark,1000,150000,5000,3275,291,582
spark,1000,150000,5000,4724,289,578
spark,1000,150000,5000,5797,291,583
spark,1000,150000,5000,6806,289,578
spark,1000,150000,5000,7950,289,579
spark,1000,150000,5000,9067,291,583
spark,1000,150000,5000,10340,288,577
spark,1000,150000,5000,11425,283,567
spark,1000,150000,5000,12469,286,573
spark,1000,150000,5000,13962,288,577
spark,1000,150000,5000,15142,284,568
spark,1000,150000,5000,16366,290,580
spark,1000,150000,5000,17372,287,575
spark,1000,150000,5000,18444,292,584
spark,1000,150000,5000,19747,290,580
spark,1000,150000,5000,20841,276,553
spark,1000,150000,5000,22014,288,576
spark,1000,150000,5000,23104,288,577
spark,1000,150000,5000,24366,289,578
spark,1000,150000,5000,25669,293,586
spark,1000,150000,5000,26745,289,578
spark,1000,150000,5000,27944,283,566
spark,1000,150000,5000,28986,287,574
spark,1000,150000,5000,30005,282,564
spark,1000,150000,5000,31213,288,576
spark,1000,150000,5000,32363,289,579
spark,1000,150000,5000,33587,286,572
spark,1000,150000,5000,34693,281,563
spark,1000,150000,5000,35821,288,577
spark,1000,150000,5000,37007,285,570
spark,1000,150000,5000,38118,290,580
spark,1000,150000,5000,39438,288,576
spark,1000,150000,5000,40544,293,587
spark,1000,150000,5000,41572,289,578
spark,1000,150000,5000,42823,289,579
spark,1000,150000,5000,43858,287,574
spark,1000,150000,5000,45248,285,570
spark,1000,150000,5000,46330,293,587
spark,1000,150000,5000,47376,291,582
spark,1000,150000,5000,48628,283,567
spark,1000,150000,5000,49780,289,578
spark,1000,150000,5000,50984,281,563
spark,1000,150000,5000,51984,282,565
spark,1000,150000,5000,53108,289,579
spark,1000,150000,5000,54424,282,565
spark,1000,150000,5000,55469,289,578
spark,1000,150000,5000,56767,286,573
spark,1000,150000,5000,57806,287,574
spark,1000,150000,5000,58932,288,577
spark,1000,150000,5000,60135,287,574
spark,1000,150000,5000,61214,291,582
spark,1000,150000,5000,62728,289,578
spark,1000,150000,5000,63807,291,583
spark,1000,150000,5000,64904,289,578
spark,1000,150000,5000,66092,289,579
spark,1000,150000,5000,67165,291,583
spark,1000,150000,5000,68404,288,577
spark,1000,150000,5000,69519,283,567
spark,1000,150000,5000,70667,286,573
spark,1000,150000,5000,71934,288,577
spark,1000,150000,5000,72992,284,568
spark,1000,150000,5000,74248,290,580
spark,1000,150000,5000,75386,287,575
spark,1000,150000,5000,46609,292,584
spark,1000,150000,5000,2122,290,580
spark,1000,150000,5000,3175,276,553
spark,1000,150000,5000,4508,288,576
spark,1000,150000,5000,5593,288,577
spark,1000,150000,5000,6609,289,578
spark,1000,150000,5000,7879,293,586
spark,1000,150000,5000,9055,289,578
spark,1000,150000,5000,10262,283,566
spark,1000,150000,5000,11375,287,574
spark,1000,150000,5000,12402,282,564
spark,1000,150000,5000,13752,288,576
spark,1000,150000,5000,14842,289,579
spark,1000,150000,5000,16185,286,572
spark,1000,150000,5000,17203,281,563
spark,1000,150000,5000,18232,288,577
spark,1000,150000,5000,19461,285,570
spark,1000,150000,5000,20508,290,580
spark,1000,150000,5000,21786,288,576
spark,1000,150000,5000,22862,293,587
spark,1000,150000,5000,23917,289,578
spark,1000,150000,5000,25222,289,579
spark,1000,150000,5000,26239,287,574
spark,1000,150000,5000,27467,285,570
spark,1000,150000,5000,28508,293,587
spark,1000,150000,5000,29600,291,582
spark,1000,150000,5000,30838,283,567
spark,1000,150000,5000,31897,289,578
spark,1000,150000,5000,33234,281,563
spark,1000,150000,5000,34369,282,565
spark,1000,150000,5000,35419,289,579
spark,1000,150000,5000,36654,282,565
spark,1000,150000,5000,37696,289,578
spark,1000,150000,5000,39256,286,573
spark,1000,150000,5000,40345,287,574
spark,1000,150000,5000,41437,288,577
spark,1000,150000,5000,42740,287,574
spark,1000,150000,5000,43911,291,582
spark,1000,150000,5000,45192,289,578
spark,1000,150000,5000,46225,291,583
spark,1000,150000,5000,47274,289,578
spark,1000,150000,5000,48582,289,579
spark,1000,150000,5000,49679,291,583
spark,1000,150000,5000,51016,288,577
spark,1000,150000,5000,51996,283,567
spark,1000,150000,5000,53020,286,573
spark,1000,150000,5000,54235,288,577
spark,1000,150000,5000,55376,284,568
spark,1000,150000,5000,56638,290,580
spark,1000,150000,5000,57669,287,575
spark,1000,150000,5000,58827,292,584
spark,1000,150000,5000,60144,290,580
spark,1000,150000,5000,61245,276,553
spark,1000,150000,5000,62516,288,576
spark,1000,150000,5000,63546,288,577
spark,1000,150000,5000,64642,289,578
spark,1000,150000,5000,65979,293,586
spark,1000,150000,5000,67030,289,578
spark,1000,150000,5000,68206,283,566
spark,1000,150000,5000,69380,287,574
spark,1000,150000,5000,70514,282,564
spark,1000,150000,5000,71774,288,576
spark,1000,150000,5000,72930,289,579
spark,1000,150000,5000,74171,286,572
spark,1000,150000,5000,75326,281,563
spark,1000,150000,5000,55613,288,577
spark,1000,150000,5000,2338,285,570
spark,1000,150000,5000,3420,290,580
spark,1000,150000,5000,4759,288,576
spark,1000,150000,5000,5822,293,587
spark,1000,150000,5000,6957,289,578
spark,1000,150000,5000,8178,289,579
spark,1000,150000,5000,9233,287,574
spark,1000,150000,5000,10491,285,570
spark,1000,150000,5000,11559,293,587
spark,1000,150000,5000,12606,291,582
spark,1000,150000,5000,13765,283,567
spark,1000,150000,5000,14828,289,578
spark,1000,150000,5000,16049,281,563
spark,1000,150000,5000,17130,282,565
spark,1000,150000,5000,18883,289,579
spark,1000,150000,5000,20456,282,565
spark,1000,150000,5000,21443,289,578
spark,1000,150000,5000,22642,286,573
spark,1000,150000,5000,23664,287,574
spark,1000,150000,5000,24751,288,577
spark,1000,150000,5000,25898,287,574
spark,1000,150000,5000,26896,291,582
spark,1000,150000,5000,28133,289,578
spark,1000,150000,5000,29130,291,583
spark,1000,150000,5000,30214,289,578
spark,1000,150000,5000,31433,289,579
spark,1000,150000,5000,32484,291,583
spark,1000,150000,5000,33709,288,577
spark,1000,150000,5000,34744,283,567
spark,1000,150000,5000,35770,286,573
spark,1000,150000,5000,36973,288,577
spark,1000,150000,5000,38033,284,568
spark,1000,150000,5000,39259,290,580
spark,1000,150000,5000,40294,287,575
spark,1000,150000,5000,41339,292,584
spark,1000,150000,5000,42616,290,580
spark,1000,150000,5000,43716,276,553
spark,1000,150000,5000,45043,288,576
spark,1000,150000,5000,46176,288,577
spark,1000,150000,5000,47211,289,578
spark,1000,150000,5000,48433,293,586
spark,1000,150000,5000,49490,289,578
spark,1000,150000,5000,50766,283,566
spark,1000,150000,5000,51753,287,574
spark,1000,150000,5000,52752,282,564
spark,1000,150000,5000,53910,288,576
spark,1000,150000,5000,55018,289,579
spark,1000,150000,5000,56325,286,572
spark,1000,150000,5000,57406,281,563
spark,1000,150000,5000,58492,288,577
spark,1000,150000,5000,59726,285,570
spark,1000,150000,5000,60710,290,580
spark,1000,150000,5000,61867,288,576
spark,1000,150000,5000,62832,293,587
spark,1000,150000,5000,63866,289,578
spark,1000,150000,5000,65146,289,579
spark,1000,150000,5000,66286,287,574
spark,1000,150000,5000,67614,285,570
spark,1000,150000,5000,68675,293,587
spark,1000,150000,5000,69744,291,582
spark,1000,150000,5000,71064,283,567
spark,1000,150000,5000,72108,289,578
spark,1000,150000,5000,73262,281,563
spark,1000,150000,5000,74271,282,565
spark,1000,150000,5000,60869,289,579
spark,1000,150000,5000,2114,282,565
spark,1000,150000,5000,3119,289,578
spark,1000,150000,5000,4306,286,573
spark,1000,150000,5000,5258,287,574
spark,1000,150000,5000,6225,288,577
spark,1000,150000,5000,7374,287,574
spark,1000,150000,5000,8409,291,582
spark,1000,150000,5000,9612,289,578
spark,1000,150000,5000,10606,291,583
spark,1000,150000,5000,11595,289,578
spark,1000,150000,5000,12743,289,579
spark,1000,150000,5000,13769,291,583
spark,1000,150000,5000,14944,288,577
spark,1000,150000,5000,15905,283,567
spark,1000,150000,5000,16948,286,573
spark,1000,150000,5000,18089,288,577
spark,1000,150000,5000,19105,284,568
spark,1000,150000,5000,20318,290,580
spark,1000,150000,5000,21287,287,575
spark,1000,150000,5000,22294,292,584
spark,1000,150000,5000,23433,290,580
spark,1000,150000,5000,24616,276,553
spark,1000,150000,5000,25751,288,576
spark,1000,150000,5000,26711,288,577
spark,1000,150000,5000,27700,289,578
spark,1000,150000,5000,28898,293,586
spark,1000,150000,5000,29922,289,578
spark,1000,150000,5000,31082,283,566
spark,1000,150000,5000,32085,287,574
spark,1000,150000,5000,33079,282,564
spark,1000,150000,5000,34210,288,576
spark,1000,150000,5000,35185,289,579
spark,1000,150000,5000,36356,286,572
spark,1000,150000,5000,37386,281,563
spark,1000,150000,5000,38359,288,577
spark,1000,150000,5000,39546,285,570
spark,1000,150000,5000,40575,290,580
spark,1000,150000,5000,41709,288,576
spark,1000,150000,5000,42662,293,587
spark,1000,150000,5000,43608,289,578
spark,1000,150000,5000,44746,289,579
spark,1000,150000,5000,45705,287,574
spark,1000,150000,5000,46841,285,570
spark,1000,150000,5000,47827,293,587
spark,1000,150000,5000,48793,291,582
spark,1000,150000,5000,49952,283,567
spark,1000,150000,5000,50965,289,578
spark,1000,150000,5000,52130,281,563
spark,1000,150000,5000,53121,282,565
spark,1000,150000,5000,54119,289,579
spark,1000,150000,5000,55305,282,565
spark,1000,150000,5000,56422,289,578
spark,1000,150000,5000,57612,286,573
spark,1000,150000,5000,58583,287,574
spark,1000,150000,5000,59616,288,577
spark,1000,150000,5000,60830,287,574
spark,1000,150000,5000,61796,291,582
spark,1000,150000,5000,62948,289,578
spark,1000,150000,5000,63966,291,583
spark,1000,150000,5000,64958,289,578
spark,1000,150000,5000,66114,289,579
spark,1000,150000,5000,67127,291,583
spark,1000,150000,5000,68383,288,577
spark,1000,150000,5000,69377,283,567
spark,1000,150000,5000,66518,286,573
spark,1000,150000,5000,2065,288,577
spark,1000,150000,5000,3035,284,568
spark,1000,150000,5000,4212,290,580
spark,1000,150000,5000,5210,287,575
spark,1000,150000,5000,6393,292,584
spark,1000,150000,5000,7409,290,580
spark,1000,150000,5000,8375,276,553
spark,1000,150000,5000,9835,288,576
spark,1000,150000,5000,10864,288,577
spark,1000,150000,5000,11860,289,578
spark,1000,150000,5000,13022,293,586
spark,1000,150000,5000,13989,289,578
spark,1000,150000,5000,14962,283,566
spark,1000,150000,5000,16112,287,574
spark,1000,150000,5000,17092,282,564
spark,1000,150000,5000,18067,288,576
spark,1000,150000,5000,19229,289,579
spark,1000,150000,5000,20308,286,572
spark,1000,150000,5000,21338,281,563
spark,1000,150000,5000,22540,288,577
spark,1000,150000,5000,23599,285,570
spark,1000,150000,5000,24637,290,580
spark,1000,150000,5000,25846,288,576
spark,1000,150000,5000,26874,293,587
spark,1000,150000,5000,27847,289,578
spark,1000,150000,5000,29109,289,579
spark,1000,150000,5000,30227,287,574
spark,1000,150000,5000,31385,285,570
spark,1000,150000,5000,32729,293,587
spark,1000,150000,5000,33869,291,582
spark,1000,150000,5000,34857,283,567
spark,1000,150000,5000,36095,289,578
spark,1000,150000,5000,37096,281,563
spark,1000,150000,5000,38190,282,565
spark,1000,150000,5000,39326,289,579
spark,1000,150000,5000,40309,282,565
spark,1000,150000,5000,41245,289,578
spark,1000,150000,5000,42339,286,573
spark,1000,150000,5000,43319,287,574
spark,1000,150000,5000,44311,288,577
spark,1000,150000,5000,45473,287,574
spark,1000,150000,5000,46442,291,582
spark,1000,150000,5000,47387,289,578
spark,1000,150000,5000,48719,291,583
spark,1000,150000,5000,50062,289,578
spark,1000,150000,5000,51147,289,579
spark,1000,150000,5000,52326,291,583
spark,1000,150000,5000,53327,288,577
spark,1000,150000,5000,54338,283,567
spark,1000,150000,5000,55687,286,573
spark,1000,150000,5000,56710,288,577
spark,1000,150000,5000,57702,284,568
spark,1000,150000,5000,58836,290,580
spark,1000,150000,5000,59796,287,575
spark,1000,150000,5000,60809,292,584
spark,1000,150000,5000,61955,290,580
spark,1000,150000,5000,62955,276,553
spark,1000,150000,5000,63932,288,576
spark,1000,150000,5000,65175,288,577
spark,1000,150000,5000,66301,289,578
spark,1000,150000,5000,67260,293,586
spark,1000,150000,5000,68372,289,578
spark,1000,150000,5000,69355,283,566
spark,1000,150000,5000,70332,287,574
spark,1000,150000,5000,71502,282,564
spark,1000,150000,5000,2793,288,576
spark,1000,150000,5000,2103,289,579
spark,1000,150000,5000,3150,286,572
spark,1000,150000,5000,4196,281,563
spark,1000,150000,5000,5360,288,577
spark,1000,150000,5000,6385,285,570
spark,1000,150000,5000,7569,290,580
spark,1000,150000,5000,8544,288,576
spark,1000,150000,5000,9806,293,587
spark,1000,150000,5000,10880,289,578
spark,1000,150000,5000,12126,289,579
spark,1000,150000,5000,13193,287,574
spark,1000,150000,5000,14327,285,570
spark,1000,150000,5000,15664,293,587
spark,1000,150000,5000,16698,291,582
spark,1000,150000,5000,17889,283,567
spark,1000,150000,5000,18895,289,578
spark,1000,150000,5000,19998,281,563
spark,1000,150000,5000,20965,282,565
spark,1000,150000,5000,22051,289,579
spark,1000,150000,5000,23036,282,565
spark,1000,150000,5000,24004,289,578
spark,1000,150000,5000,25140,286,573
spark,1000,150000,5000,26143,287,574
spark,1000,150000,5000,27351,288,577
spark,1000,150000,5000,28344,287,574
spark,1000,150000,5000,29501,291,582
spark,1000,150000,5000,30543,289,578
spark,1000,150000,5000,31764,291,583
spark,1000,150000,5000,32900,289,578
spark,1000,150000,5000,33971,289,579
spark,1000,150000,5000,35092,291,583
spark,1000,150000,5000,36023,288,577
spark,1000,150000,5000,37130,283,567
spark,1000,150000,5000,38144,286,573
spark,1000,150000,5000,39237,288,577
spark,1000,150000,5000,40193,284,568
spark,1000,150000,5000,41342,290,580
spark,1000,150000,5000,42289,287,575
spark,1000,150000,5000,43328,292,584
spark,1000,150000,5000,44383,290,580
spark,1000,150000,5000,45365,276,553
spark,1000,150000,5000,46492,288,576
spark,1000,150000,5000,47466,288,577
spark,1000,150000,5000,48597,289,578
spark,1000,150000,5000,49540,293,586
spark,1000,150000,5000,50676,289,578
spark,1000,150000,5000,51667,283,566
spark,1000,150000,5000,52673,287,574
spark,1000,150000,5000,53823,282,564
spark,1000,150000,5000,54782,288,576
spark,1000,150000,5000,55944,289,579
spark,1000,150000,5000,56956,286,572
spark,1000,150000,5000,58035,281,563
spark,1000,150000,5000,58978,288,577
spark,1000,150000,5000,60077,285,570
spark,1000,150000,5000,61022,290,580
spark,1000,150000,5000,61971,288,576
spark,1000,150000,5000,63053,293,587
spark,1000,150000,5000,63979,289,578
spark,1000,150000,5000,65110,289,579
spark,1000,150000,5000,66051,287,574
spark,1000,150000,5000,67180,285,570
spark,1000,150000,5000,68120,293,587
spark,1000,150000,5000,69230,291,582
spark,1000,150000,5000,12561,283,567
spark,1000,150000,5000,1860,289,578
spark,1000,150000,5000,2975,281,563
spark,1000,150000,5000,3923,282,565
spark,1000,150000,5000,5021,289,579
spark,1000,150000,5000,5989,282,565
spark,1000,150000,5000,7075,289,578
spark,1000,150000,5000,8018,286,573
spark,1000,150000,5000,9111,287,574
spark,1000,150000,5000,10100,288,577
spark,1000,150000,5000,11045,287,574
spark,1000,150000,5000,12175,291,582
spark,1000,150000,5000,13132,289,578
spark,1000,150000,5000,14273,291,583
spark,1000,150000,5000,15251,289,578
spark,1000,150000,5000,16380,289,579
spark,1000,150000,5000,17393,291,583
spark,1000,150000,5000,18477,288,577
spark,1000,150000,5000,19414,283,567
spark,1000,150000,5000,20384,286,573
spark,1000,150000,5000,21424,288,577
spark,1000,150000,5000,22407,284,568
spark,1000,150000,5000,23537,290,580
spark,1000,150000,5000,24454,287,575
spark,1000,150000,5000,25553,292,584
spark,1000,150000,5000,26471,290,580
spark,1000,150000,5000,27569,276,553
spark,1000,150000,5000,28506,288,576
spark,1000,150000,5000,29463,288,577
spark,1000,150000,5000,30578,289,578
spark,1000,150000,5000,31509,293,586
spark,1000,150000,5000,32563,289,578
spark,1000,150000,5000,33522,283,566
spark,1000,150000,5000,34610,287,574
spark,1000,150000,5000,35538,282,564
spark,1000,150000,5000,36645,288,576
spark,1000,150000,5000,37558,289,579
spark,1000,150000,5000,38541,286,572
spark,1000,150000,5000,39608,281,563
spark,1000,150000,5000,40543,288,577
spark,1000,150000,5000,41667,285,570
spark,1000,150000,5000,42641,290,580
spark,1000,150000,5000,43709,288,576
spark,1000,150000,5000,44721,293,587
spark,1000,150000,5000,45823,289,578
spark,1000,150000,5000,46789,289,579
spark,1000,150000,5000,47754,287,574
spark,1000,150000,5000,48873,285,570
spark,1000,150000,5000,49845,293,587
spark,1000,150000,5000,50945,291,582
spark,1000,150000,5000,51930,283,567
spark,1000,150000,5000,53078,289,578
spark,1000,150000,5000,54142,281,563
spark,1000,150000,5000,55365,282,565
spark,1000,150000,5000,56378,289,579
spark,1000,150000,5000,57431,282,565
spark,1000,150000,5000,58561,289,578
spark,1000,150000,5000,59518,286,573
spark,1000,150000,5000,60699,287,574
spark,1000,150000,5000,61700,288,577
spark,1000,150000,5000,62806,287,574
spark,1000,150000,5000,63795,291,582
spark,1000,150000,5000,65008,289,578
spark,1000,150000,5000,65979,291,583
spark,1000,150000,5000,67054,289,578
spark,1000,150000,5000,20653,289,579
spark,1000,150000,5000,2141,291,583
spark,1000,150000,5000,3206,288,577
spark,1000,150000,5000,4471,283,567
spark,1000,150000,5000,5587,286,573
spark,1000,150000,5000,6804,288,577
spark,1000,150000,5000,8079,284,568
spark,1000,150000,5000,9171,290,580
spark,1000,150000,5000,10183,287,575
spark,1000,150000,5000,11476,292,584
spark,1000,150000,5000,12536,290,580
spark,1000,150000,5000,13670,276,553
spark,1000,150000,5000,15022,288,576
spark,1000,150000,5000,16131,288,577
spark,1000,150000,5000,17136,289,578
spark,1000,150000,5000,18318,293,586
spark,1000,150000,5000,19471,289,578
spark,1000,150000,5000,20592,283,566
spark,1000,150000,5000,21932,287,574
spark,1000,150000,5000,23009,282,564
spark,1000,150000,5000,23961,288,576
spark,1000,150000,5000,25042,289,579
spark,1000,150000,5000,26014,286,572
spark,1000,150000,5000,26944,281,563
spark,1000,150000,5000,28042,288,577
spark,1000,150000,5000,29040,285,570
spark,1000,150000,5000,29972,290,580
spark,1000,150000,5000,31044,288,576
spark,1000,150000,5000,32021,293,587
spark,1000,150000,5000,32930,289,578
spark,1000,150000,5000,34081,289,579
spark,1000,150000,5000,35077,287,574
spark,1000,150000,5000,36001,285,570
spark,1000,150000,5000,37122,293,587
spark,1000,150000,5000,38071,291,582
spark,1000,150000,5000,38982,283,567
spark,1000,150000,5000,40078,289,578
spark,1000,150000,5000,41040,281,563
spark,1000,150000,5000,41942,282,565
spark,1000,150000,5000,43101,289,579
spark,1000,150000,5000,44107,282,565
spark,1000,150000,5000,45077,289,578
spark,1000,150000,5000,46277,286,573
spark,1000,150000,5000,47398,287,574
spark,1000,150000,5000,48403,288,577
spark,1000,150000,5000,49635,287,574
spark,1000,150000,5000,50609,291,582
spark,1000,150000,5000,51529,289,578
spark,1000,150000,5000,52612,291,583
spark,1000,150000,5000,53563,289,578
spark,1000,150000,5000,54603,289,579
spark,1000,150000,5000,55748,291,583
spark,1000,150000,5000,56760,288,577
spark,1000,150000,5000,57827,283,567
spark,1000,150000,5000,59132,286,573
spark,1000,150000,5000,60192,288,577
spark,1000,150000,5000,61195,284,568
spark,1000,150000,5000,62398,290,580
spark,1000,150000,5000,63393,287,575
spark,1000,150000,5000,64413,292,584
spark,1000,150000,5000,65579,290,580
spark,1000,150000,5000,66583,276,553
spark,1000,150000,5000,67564,288,576
spark,1000,150000,5000,68767,288,577
spark,1000,150000,5000,69872,289,578
spark,1000,150000,5000,26072,293,586
spark,1000,150000,5000,2176,289,578
spark,1000,150000,5000,3227,283,566
spark,1000,150000,5000,4552,287,574
spark,1000,150000,5000,5538,282,564
spark,1000,150000,5000,6721,288,576
spark,1000,150000,5000,7716,289,579
spark,1000,150000,5000,8880,286,572
spark,1000,150000,5000,9941,281,563
spark,1000,150000,5000,11075,288,577
spark,1000,150000,5000,12095,285,570
spark,1000,150000,5000,13115,290,580
spark,1000,150000,5000,14256,288,576
spark,1000,150000,5000,15260,293,587
spark,1000,150000,5000,16348,289,578
spark,1000,150000,5000,17318,289,579
spark,1000,150000,5000,18407,287,574
spark,1000,150000,5000,19420,285,570
spark,1000,150000,5000,20618,293,587
spark,1000,150000,5000,21632,291,582
spark,1000,150000,5000,22708,283,567
spark,1000,150000,5000,23794,289,578
spark,1000,150000,5000,24732,281,563
spark,1000,150000,5000,25838,282,565
spark,1000,150000,5000,26793,289,579
spark,1000,150000,5000,27912,282,565
spark,1000,150000,5000,28878,289,578
spark,1000,150000,5000,29990,286,573
spark,1000,150000,5000,30921,287,574
spark,1000,150000,5000,31889,288,577
spark,1000,150000,5000,33041,287,574
spark,1000,150000,5000,34030,291,582
spark,1000,150000,5000,35187,289,578
spark,1000,150000,5000,36200,291,583
spark,1000,150000,5000,37348,289,578
spark,1000,150000,5000,38360,289,579
spark,1000,150000,5000,39550,291,583
spark,1000,150000,5000,40544,288,577
spark,1000,150000,5000,41529,283,567
spark,1000,150000,5000,42695,286,573
spark,1000,150000,5000,43679,288,577
spark,1000,150000,5000,44776,284,568
spark,1000,150000,5000,45712,290,580
spark,1000,150000,5000,46778,287,575
spark,1000,150000,5000,47752,292,584
spark,1000,150000,5000,48842,290,580
spark,1000,150000,5000,49865,276,553
spark,1000,150000,5000,50842,288,576
spark,1000,150000,5000,51953,288,577
spark,1000,150000,5000,52895,289,578
spark,1000,150000,5000,54004,293,586
spark,1000,150000,5000,54992,289,578
spark,1000,150000,5000,56082,283,566
spark,1000,150000,5000,57066,287,574
spark,1000,150000,5000,58173,282,564
spark,1000,150000,5000,59127,288,576
spark,1000,150000,5000,60104,289,579
spark,1000,150000,5000,61277,286,572
spark,1000,150000,5000,62245,281,563
spark,1000,150000,5000,63379,288,577
spark,1000,150000,5000,64340,285,570
spark,1000,150000,5000,65487,290,580
spark,1000,150000,5000,66488,288,576
spark,1000,150000,5000,67671,293,587
spark,1000,150000,5000,68693,289,578
spark,1000,150000,5000,35422,289,579
spark,1000,150000,5000,2019,287,574
spark,1000,150000,5000,3016,285,570
spark,1000,150000,5000,4063,293,587
spark,1000,150000,5000,5179,291,582
spark,1000,150000,5000,6242,283,567
spark,1000,150000,5000,7214,289,578
spark,1000,150000,5000,8414,281,563
spark,1000,150000,5000,9464,282,565
spark,1000,150000,5000,10485,289,579
spark,1000,150000,5000,11787,282,565
spark,1000,150000,5000,12749,289,578
spark,1000,150000,5000,13740,286,573
spark,1000,150000,5000,14904,287,574
spark,1000,150000,5000,15984,288,577
spark,1000,150000,5000,17011,287,574
spark,1000,150000,5000,18177,291,582
spark,1000,150000,5000,19179,289,578
spark,1000,150000,5000,20293,291,583
spark,1000,150000,5000,21581,289,578
spark,1000,150000,5000,22704,289,579
spark,1000,150000,5000,23803,291,583
spark,1000,150000,5000,25086,288,577
spark,1000,150000,5000,26099,283,567
spark,1000,150000,5000,27099,286,573
spark,1000,150000,5000,28269,288,577
spark,1000,150000,5000,29289,284,568
spark,1000,150000,5000,30308,290,580
spark,1000,150000,5000,31420,287,575
spark,1000,150000,5000,32502,292,584
spark,1000,150000,5000,33400,290,580
spark,1000,150000,5000,34550,276,553
spark,1000,150000,5000,35547,288,576
spark,1000,150000,5000,36589,288,577
spark,1000,150000,5000,37699,289,578
spark,1000,150000,5000,38647,293,586
spark,1000,150000,5000,39625,289,578
spark,1000,150000,5000,40720,283,566
spark,1000,150000,5000,41711,287,574
spark,1000,150000,5000,42618,282,564
spark,1000,150000,5000,43704,288,576
spark,1000,150000,5000,44648,289,579
spark,1000,150000,5000,45593,286,572
spark,1000,150000,5000,46732,281,563
spark,1000,150000,5000,47684,288,577
spark,1000,150000,5000,48606,285,570
spark,1000,150000,5000,49719,290,580
spark,1000,150000,5000,50668,288,576
spark,1000,150000,5000,51610,293,587
spark,1000,150000,5000,52716,289,578
spark,1000,150000,5000,53669,289,579
spark,1000,150000,5000,54604,287,574
spark,1000,150000,5000,55707,285,570
spark,1000,150000,5000,56695,293,587
spark,1000,150000,5000,57682,291,582
spark,1000,150000,5000,58777,283,567
spark,1000,150000,5000,59776,289,578
spark,1000,150000,5000,60784,281,563
spark,1000,150000,5000,61902,282,565
spark,1000,150000,5000,62931,289,579
spark,1000,150000,5000,63921,282,565
spark,1000,150000,5000,65076,289,578
spark,1000,150000,5000,66100,286,573
spark,1000,150000,5000,67134,287,574
spark,1000,150000,5000,68230,288,577
spark,1000,150000,5000,42910,287,574
spark,1000,150000,5000,2046,291,582
spark,1000,150000,5000,2999,289,578
spark,1000,150000,5000,4027,291,583
spark,1000,150000,5000,5119,289,578
spark,1000,150000,5000,6052,289,579
spark,1000,150000,5000,7148,291,583
spark,1000,150000,5000,8099,288,577
spark,1000,150000,5000,9183,283,567
spark,1000,150000,5000,10189,286,573
spark,1000,150000,5000,11266,288,577
spark,1000,150000,5000,12205,284,568
spark,1000,150000,5000,13195,290,580
spark,1000,150000,5000,14246,287,575
spark,1000,150000,5000,15201,292,584
spark,1000,150000,5000,16267,290,580
spark,1000,150000,5000,17200,276,553
spark,1000,150000,5000,18247,288,576
spark,1000,150000,5000,19222,288,577
spark,1000,150000,5000,20306,289,578
spark,1000,150000,5000,21236,293,586
spark,1000,150000,5000,22243,289,578
spark,1000,150000,5000,23353,283,566
spark,1000,150000,5000,24309,287,574
spark,1000,150000,5000,25431,282,564
spark,1000,150000,5000,26395,288,576
spark,1000,150000,5000,27500,289,579
spark,1000,150000,5000,28497,286,572
spark,1000,150000,5000,29618,281,563
spark,1000,150000,5000,30592,288,577
spark,1000,150000,5000,31580,285,570
spark,1000,150000,5000,32668,290,580
spark,1000,150000,5000,33614,288,576
spark,1000,150000,5000,34748,293,587
spark,1000,150000,5000,35674,289,578
spark,1000,150000,5000,36762,289,579
spark,1000,150000,5000,37734,287,574
spark,1000,150000,5000,38836,285,570
spark,1000,150000,5000,39814,293,587
spark,1000,150000,5000,40774,291,582
spark,1000,150000,5000,41947,283,567
spark,1000,150000,5000,42956,289,578
spark,1000,150000,5000,44083,281,563
spark,1000,150000,5000,45042,282,565
spark,1000,150000,5000,46191,289,579
spark,1000,150000,5000,47194,282,565
spark,1000,150000,5000,48251,289,578
spark,1000,150000,5000,49206,286,573
spark,1000,150000,5000,50153,287,574
spark,1000,150000,5000,51232,288,577
spark,1000,150000,5000,52223,287,574
spark,1000,150000,5000,53346,291,582
spark,1000,150000,5000,54287,289,578
spark,1000,150000,5000,55375,291,583
spark,1000,150000,5000,56375,289,578
spark,1000,150000,5000,57477,289,579
spark,1000,150000,5000,58433,291,583
spark,1000,150000,5000,59448,288,577
spark,1000,150000,5000,60537,283,567
spark,1000,150000,5000,61528,286,573
spark,1000,150000,5000,62653,288,577
spark,1000,150000,5000,63612,284,568
spark,1000,150000,5000,64696,290,580
spark,1000,150000,5000,65631,287,575
spark,1000,150000,5000,66743,292,584
spark,1000,150000,5000,47792,290,580
spark,1000,150000,5000,1809,276,553
spark,1000,150000,5000,2958,288,576
spark,1000,150000,5000,3897,288,577
spark,1000,150000,5000,5096,289,578
spark,1000,150000,5000,6051,293,586
spark,1000,150000,5000,7108,289,578
spark,1000,150000,5000,8101,283,566
spark,1000,150000,5000,9174,287,574
spark,1000,150000,5000,10118,282,564
spark,1000,150000,5000,11099,288,576
spark,1000,150000,5000,12134,289,579
spark,1000,150000,5000,13095,286,572
spark,1000,150000,5000,14206,281,563
spark,1000,150000,5000,15186,288,577
spark,1000,150000,5000,16253,285,570
spark,1000,150000,5000,17210,290,580
spark,1000,150000,5000,18284,288,576
spark,1000,150000,5000,19219,293,587
spark,1000,150000,5000,20162,289,578
spark,1000,150000,5000,21265,289,579
spark,1000,150000,5000,22180,287,574
spark,1000,150000,5000,23218,285,570
spark,1000,150000,5000,24177,293,587
spark,1000,150000,5000,25270,291,582
spark,1000,150000,5000,26257,283,567
spark,1000,150000,5000,27388,289,578
spark,1000,150000,5000,28290,281,563
spark,1000,150000,5000,29236,282,565
spark,1000,150000,5000,30304,289,579
spark,1000,150000,5000,31261,282,565
spark,1000,150000,5000,32382,289,578
spark,1000,150000,5000,33332,286,573
spark,1000,150000,5000,34423,287,574
spark,1000,150000,5000,35425,288,577
spark,1000,150000,5000,36535,287,574
spark,1000,150000,5000,37493,291,582
spark,1000,150000,5000,38487,289,578
spark,1000,150000,5000,39571,291,583
spark,1000,150000,5000,40563,289,578
spark,1000,150000,5000,41768,289,579
spark,1000,150000,5000,42789,291,583
spark,1000,150000,5000,43992,288,577
spark,1000,150000,5000,44954,283,567
spark,1000,150000,5000,46113,286,573
spark,1000,150000,5000,47201,288,577
spark,1000,150000,5000,48295,284,568
spark,1000,150000,5000,49519,290,580
