spark,1000,120000,5000,942,29942,59884
spark,1000,120000,5000,1483,14971,29942
spark,1000,120000,5000,1730,14971,29942
spark,1000,120000,5000,1799,14971,29942
spark,1000,120000,5000,1161,14971,29942
spark,1000,120000,5000,1255,14971,29942
spark,1000,120000,5000,1587,14971,29942
spark,1000,120000,5000,1814,14971,29942
spark,1000,120000,5000,1095,14971,29942
spark,1000,120000,5000,1200,14971,29942
spark,1000,120000,5000,1796,14971,29942
spark,1000,120000,5000,2178,14971,29942
spark,1000,120000,5000,1837,14971,29942
spark,1000,120000,5000,1400,14971,29942
spark,1000,120000,5000,1390,14971,29942
spark,1000,120000,5000,1784,14971,29942
spark,1000,120000,5000,1918,14971,29942
spark,1000,120000,5000,1172,14971,29942
spark,1000,120000,5000,1446,14971,29942
spark,1000,120000,5000,1666,14971,29942
spark,1000,120000,5000,1792,14971,29942
spark,1000,120000,5000,938,14971,29942
spark,1000,120000,5000,1320,14971,29942
spark,1000,120000,5000,1646,14971,29942
spark,1000,120000,5000,1769,14971,29942
spark,1000,120000,5000,1768,14971,29942
spark,1000,120000,5000,1243,14971,29942
spark,1000,120000,5000,1289,14971,29942
spark,1000,120000,5000,1599,14971,29942
spark,1000,120000,5000,1763,14971,29942
spark,1000,120000,5000,1040,14971,29942
spark,1000,120000,5000,1287,14971,29942
spark,1000,120000,5000,1832,300,600
spark,1000,120000,5000,2691,300,600
spark,1000,120000,5000,3608,299,599
spark,1000,120000,5000,4434,299,599
spark,1000,120000,5000,5795,300,600
spark,1000,120000,5000,6682,300,600
spark,1000,120000,5000,7624,300,600
spark,1000,120000,5000,8446,298,597
spark,1000,120000,5000,9237,300,600
spark,1000,120000,5000,10123,300,600
spark,1000,120000,5000,11063,300,600
spark,1000,120000,5000,11902,300,600
spark,1000,120000,5000,12710,299,598
spark,1000,120000,5000,13623,299,599
spark,1000,120000,5000,14471,300,600
spark,1000,120000,5000,15266,299,599
spark,1000,120000,5000,16134,300,600
spark,1000,120000,5000,17085,300,600
spark,1000,120000,5000,17966,300,600
spark,1000,120000,5000,18826,299,598
spark,1000,120000,5000,19697,299,598
spark,1000,120000,5000,20651,299,599
spark,1000,120000,5000,21518,299,599
spark,1000,120000,5000,22410,299,599
spark,1000,120000,5000,23333,299,599
spark,1000,120000,5000,24203,298,597
spark,1000,120000,5000,25030,299,599
spark,1000,120000,5000,26184,299,599
spark,1000,120000,5000,27047,298,596
spark,1000,120000,5000,27965,300,600
spark,1000,120000,5000,28839,299,598
spark,1000,120000,5000,29615,299,598
spark,1000,120000,5000,30393,300,600
spark,1000,120000,5000,31263,299,598
spark,1000,120000,5000,32066,299,599
spark,1000,120000,5000,32256,299,599
spark,1000,120000,5000,2895,300,600
spark,1000,120000,5000,4699,239536,479072
spark,1000,120000,5000,1074,14971,29942
spark,1000,120000,5000,1221,14971,29942
spark,1000,120000,5000,1657,14971,29942
spark,1000,120000,5000,1961,14971,29942
spark,1000,120000,5000,2306,14971,29942
spark,1000,120000,5000,1730,14971,29942
spark,1000,120000,5000,1497,14971,29942
spark,1000,120000,5000,1735,14971,29942
spark,1000,120000,5000,1918,14971,29942
spark,1000,120000,5000,1020,14971,29942
spark,1000,120000,5000,1442,14971,29942
spark,1000,120000,5000,1600,14971,29942
spark,1000,120000,5000,1812,14971,29942
spark,1000,120000,5000,1911,14971,29942
spark,1000,120000,5000,1400,14971,29942
spark,1000,120000,5000,1483,14971,29942
spark,1000,120000,5000,1741,14971,29942
spark,1000,120000,5000,1830,14971,29942
spark,1000,120000,5000,1167,14971,29942
spark,1000,120000,5000,1298,14971,29942
spark,1000,120000,5000,1546,14971,29942
spark,1000,120000,5000,1805,14971,29942
spark,1000,120000,5000,943,14971,29942
spark,1000,120000,5000,1226,14971,29942
spark,1000,120000,5000,1498,14971,29942
spark,1000,120000,5000,1973,14971,29942
spark,1000,120000,5000,1935,14971,29942
spark,1000,120000,5000,1447,14971,29942
spark,1000,120000,5000,1370,14971,29942
spark,1000,120000,5000,1663,14971,29942
spark,1000,120000,5000,1957,14971,29942
spark,1000,120000,5000,1137,14971,29942
spark,1000,120000,5000,1068,29942,59884
spark,1000,120000,5000,2972,14971,29942
spark,1000,120000,5000,1144,14971,29942
spark,1000,120000,5000,2041,300,600
spark,1000,120000,5000,2829,300,600
spark,1000,120000,5000,3943,299,599
spark,1000,120000,5000,4798,299,599
spark,1000,120000,5000,5763,300,600
spark,1000,120000,5000,6709,300,600
spark,1000,120000,5000,7564,300,600
spark,1000,120000,5000,8370,298,597
spark,1000,120000,5000,9303,300,600
spark,1000,120000,5000,10132,300,600
spark,1000,120000,5000,10997,300,600
spark,1000,120000,5000,11900,300,600
spark,1000,120000,5000,12711,299,598
spark,1000,120000,5000,13637,299,599
spark,1000,120000,5000,15401,300,600
spark,1000,120000,5000,12059,299,599
spark,1000,120000,5000,2252,300,600
spark,1000,120000,5000,3082,300,600
spark,1000,120000,5000,3944,300,600
spark,1000,120000,5000,4911,299,598
spark,1000,120000,5000,5719,299,598
spark,1000,120000,5000,6495,299,599
spark,1000,120000,5000,7408,299,599
spark,1000,120000,5000,8444,299,599
spark,1000,120000,5000,9273,299,599
spark,1000,120000,5000,10354,298,597
spark,1000,120000,5000,11216,299,599
spark,1000,120000,5000,12105,299,599
spark,1000,120000,5000,13003,298,596
spark,1000,120000,5000,13889,300,600
spark,1000,120000,5000,14689,299,598
spark,1000,120000,5000,15610,299,598
spark,1000,120000,5000,16419,300,600
spark,1000,120000,5000,17326,299,598
spark,1000,120000,5000,18261,299,599
spark,1000,120000,5000,19130,299,599
spark,1000,120000,5000,20077,300,600
spark,1000,120000,5000,21027,298,597
spark,1000,120000,5000,21801,298,597
spark,1000,120000,5000,22596,299,599
spark,1000,120000,5000,23557,300,600
spark,1000,120000,5000,24363,298,596
spark,1000,120000,5000,25592,299,599
spark,1000,120000,5000,27299,298,596
spark,1000,120000,5000,28756,300,600
spark,1000,120000,5000,29729,299,599
spark,1000,120000,5000,30640,298,597
spark,1000,120000,5000,31477,298,597
spark,1000,120000,5000,32408,300,600
spark,1000,120000,5000,33208,299,599
spark,1000,120000,5000,34003,300,600
spark,1000,120000,5000,35000,300,600
spark,1000,120000,5000,35862,299,599
spark,1000,120000,5000,36622,299,599
spark,1000,120000,5000,37563,300,600
spark,1000,120000,5000,38340,300,600
spark,1000,120000,5000,39145,300,600
spark,1000,120000,5000,40047,298,597
spark,1000,120000,5000,40866,300,600
spark,1000,120000,5000,41725,300,600
spark,1000,120000,5000,42645,300,600
spark,1000,120000,5000,43497,300,600
spark,1000,120000,5000,44353,299,598
spark,1000,120000,5000,45267,299,599
spark,1000,120000,5000,46060,300,600
spark,1000,120000,5000,46850,299,599
spark,1000,120000,5000,47760,300,600
spark,1000,120000,5000,48549,300,600
spark,1000,120000,5000,49392,300,600
spark,1000,120000,5000,50298,299,598
spark,1000,120000,5000,51082,299,598
spark,1000,120000,5000,51999,299,599
spark,1000,120000,5000,52924,299,599
spark,1000,120000,5000,53700,299,599
spark,1000,120000,5000,54600,299,599
spark,1000,120000,5000,55614,298,597
spark,1000,120000,5000,56427,299,599
spark,1000,120000,5000,57443,299,599
spark,1000,120000,5000,58407,298,596
spark,1000,120000,5000,59203,300,600
spark,1000,120000,5000,31891,299,598
spark,1000,120000,5000,1964,299,598
spark,1000,120000,5000,2969,300,600
spark,1000,120000,5000,3897,299,598
spark,1000,120000,5000,4732,299,599
spark,1000,120000,5000,5522,299,599
spark,1000,120000,5000,6416,300,600
spark,1000,120000,5000,7213,298,597
spark,1000,120000,5000,8123,298,597
spark,1000,120000,5000,8991,299,599
spark,1000,120000,5000,9789,300,600
spark,1000,120000,5000,10569,298,596
spark,1000,120000,5000,11569,299,599
spark,1000,120000,5000,12347,298,596
spark,1000,120000,5000,13199,300,600
spark,1000,120000,5000,14230,299,599
spark,1000,120000,5000,15016,298,597
spark,1000,120000,5000,15789,298,597
spark,1000,120000,5000,16761,300,600
spark,1000,120000,5000,17643,299,599
spark,1000,120000,5000,18453,300,600
spark,1000,120000,5000,19652,300,600
spark,1000,120000,5000,20465,299,599
spark,1000,120000,5000,21219,299,599
spark,1000,120000,5000,22411,300,600
spark,1000,120000,5000,23206,300,600
spark,1000,120000,5000,24202,300,600
spark,1000,120000,5000,25105,298,597
spark,1000,120000,5000,26020,300,600
spark,1000,120000,5000,26803,300,600
spark,1000,120000,5000,27734,300,600
spark,1000,120000,5000,28518,300,600
spark,1000,120000,5000,29427,299,598
spark,1000,120000,5000,30510,299,599
spark,1000,120000,5000,31282,300,600
spark,1000,120000,5000,32088,299,599
spark,1000,120000,5000,32980,300,600
spark,1000,120000,5000,33753,300,600
spark,1000,120000,5000,34714,300,600
spark,1000,120000,5000,35656,299,598
spark,1000,120000,5000,36455,299,598
spark,1000,120000,5000,37234,299,599
spark,1000,120000,5000,38158,299,599
spark,1000,120000,5000,38982,299,599
spark,1000,120000,5000,39806,299,599
spark,1000,120000,5000,40713,298,597
spark,1000,120000,5000,41504,299,599
spark,1000,120000,5000,42262,299,599
spark,1000,120000,5000,43148,298,596
spark,1000,120000,5000,44002,300,600
spark,1000,120000,5000,44828,299,598
spark,1000,120000,5000,45716,299,598
spark,1000,120000,5000,46505,300,600
spark,1000,120000,5000,47306,299,598
spark,1000,120000,5000,48198,299,599
spark,1000,120000,5000,48977,299,599
spark,1000,120000,5000,49817,300,600
spark,1000,120000,5000,50728,298,597
spark,1000,120000,5000,51505,298,597
spark,1000,120000,5000,52272,299,599
spark,1000,120000,5000,53189,300,600
spark,1000,120000,5000,53945,298,596
spark,1000,120000,5000,54774,299,599
spark,1000,120000,5000,55701,298,596
spark,1000,120000,5000,56507,300,600
spark,1000,120000,5000,21934,299,599
spark,1000,120000,5000,1678,298,597
spark,1000,120000,5000,2544,298,597
spark,1000,120000,5000,3432,300,600
spark,1000,120000,5000,4188,299,599
spark,1000,120000,5000,5152,300,600
spark,1000,120000,5000,6131,300,600
spark,1000,120000,5000,6910,299,599
spark,1000,120000,5000,7750,299,599
spark,1000,120000,5000,8722,300,600
spark,1000,120000,5000,9479,300,600
spark,1000,120000,5000,10271,300,600
spark,1000,120000,5000,11210,298,597
spark,1000,120000,5000,12016,300,600
spark,1000,120000,5000,12799,300,600
spark,1000,120000,5000,13698,300,600
spark,1000,120000,5000,14531,300,600
spark,1000,120000,5000,15333,299,598
spark,1000,120000,5000,16217,299,599
spark,1000,120000,5000,17206,300,600
spark,1000,120000,5000,18005,299,599
spark,1000,120000,5000,18905,300,600
spark,1000,120000,5000,19750,300,600
spark,1000,120000,5000,20603,300,600
spark,1000,120000,5000,21491,299,598
spark,1000,120000,5000,22278,299,598
spark,1000,120000,5000,23199,299,599
spark,1000,120000,5000,24096,299,599
spark,1000,120000,5000,24867,299,599
spark,1000,120000,5000,25657,299,599
spark,1000,120000,5000,26675,298,597
spark,1000,120000,5000,27441,299,599
spark,1000,120000,5000,28275,299,599
spark,1000,120000,5000,29223,298,596
spark,1000,120000,5000,29990,300,600
spark,1000,120000,5000,30755,299,598
spark,1000,120000,5000,31637,299,598
spark,1000,120000,5000,32443,300,600
spark,1000,120000,5000,33268,299,598
spark,1000,120000,5000,34144,299,599
spark,1000,120000,5000,34947,299,599
spark,1000,120000,5000,35707,300,600
spark,1000,120000,5000,36611,298,597
spark,1000,120000,5000,37371,298,597
spark,1000,120000,5000,38188,299,599
spark,1000,120000,5000,39090,300,600
spark,1000,120000,5000,39838,298,596
spark,1000,120000,5000,40616,299,599
spark,1000,120000,5000,41710,298,596
spark,1000,120000,5000,42468,300,600
spark,1000,120000,5000,43292,299,599
spark,1000,120000,5000,44238,298,597
spark,1000,120000,5000,45011,298,597
spark,1000,120000,5000,45831,300,600
spark,1000,120000,5000,46735,299,599
spark,1000,120000,5000,47534,300,600
spark,1000,120000,5000,48336,300,600
spark,1000,120000,5000,49239,299,599
spark,1000,120000,5000,50031,299,599
spark,1000,120000,5000,50820,300,600
spark,1000,120000,5000,51777,300,600
spark,1000,120000,5000,52589,300,600
spark,1000,120000,5000,53437,298,597
spark,1000,120000,5000,54377,300,600
spark,1000,120000,5000,55178,300,600
spark,1000,120000,5000,13161,300,600
spark,1000,120000,5000,1818,300,600
spark,1000,120000,5000,2748,299,598
spark,1000,120000,5000,3550,299,599
spark,1000,120000,5000,4493,300,600
spark,1000,120000,5000,5323,299,599
spark,1000,120000,5000,6116,300,600
spark,1000,120000,5000,7025,300,600
spark,1000,120000,5000,7806,300,600
spark,1000,120000,5000,8627,299,598
spark,1000,120000,5000,9577,299,598
spark,1000,120000,5000,10369,299,599
spark,1000,120000,5000,11132,299,599
spark,1000,120000,5000,12022,299,599
spark,1000,120000,5000,12813,299,599
spark,1000,120000,5000,14111,298,597
spark,1000,120000,5000,15252,299,599
spark,1000,120000,5000,16044,299,599
spark,1000,120000,5000,17075,298,596
spark,1000,120000,5000,17915,300,600
spark,1000,120000,5000,18787,299,598
spark,1000,120000,5000,19771,299,598
spark,1000,120000,5000,20545,300,600
spark,1000,120000,5000,21434,299,598
spark,1000,120000,5000,22605,299,599
spark,1000,120000,5000,23420,299,599
spark,1000,120000,5000,24179,300,600
spark,1000,120000,5000,25175,298,597
spark,1000,120000,5000,25930,298,597
spark,1000,120000,5000,26726,299,599
spark,1000,120000,5000,27695,300,600
spark,1000,120000,5000,28449,298,596
spark,1000,120000,5000,29279,299,599
spark,1000,120000,5000,30171,298,596
spark,1000,120000,5000,30971,300,600
spark,1000,120000,5000,31754,299,599
spark,1000,120000,5000,32685,298,597
spark,1000,120000,5000,33509,298,597
spark,1000,120000,5000,34301,300,600
spark,1000,120000,5000,35188,299,599
spark,1000,120000,5000,35946,300,600
spark,1000,120000,5000,36767,300,600
spark,1000,120000,5000,37752,299,599
spark,1000,120000,5000,38540,299,599
spark,1000,120000,5000,39352,300,600
spark,1000,120000,5000,40252,300,600
spark,1000,120000,5000,41045,300,600
spark,1000,120000,5000,42291,298,597
spark,1000,120000,5000,43240,300,600
spark,1000,120000,5000,44011,300,600
spark,1000,120000,5000,44792,300,600
spark,1000,120000,5000,45713,300,600
spark,1000,120000,5000,46511,299,598
spark,1000,120000,5000,47328,299,599
spark,1000,120000,5000,48245,300,600
spark,1000,120000,5000,49081,299,599
spark,1000,120000,5000,49898,300,600
spark,1000,120000,5000,50828,300,600
spark,1000,120000,5000,51677,300,600
spark,1000,120000,5000,52513,299,598
spark,1000,120000,5000,53428,299,598
spark,1000,120000,5000,54235,299,599
spark,1000,120000,5000,55016,299,599
spark,1000,120000,5000,55919,299,599
spark,1000,120000,5000,56817,299,599
spark,1000,120000,5000,4319,298,597
spark,1000,120000,5000,1674,299,599
spark,1000,120000,5000,2565,299,599
spark,1000,120000,5000,3383,298,596
spark,1000,120000,5000,4275,300,600
spark,1000,120000,5000,5062,299,598
spark,1000,120000,5000,5819,299,598
spark,1000,120000,5000,7060,300,600
spark,1000,120000,5000,7831,299,598
spark,1000,120000,5000,8594,299,599
spark,1000,120000,5000,9510,299,599
spark,1000,120000,5000,10318,300,600
spark,1000,120000,5000,11106,298,597
spark,1000,120000,5000,12002,298,597
spark,1000,120000,5000,12795,299,599
spark,1000,120000,5000,13640,300,600
spark,1000,120000,5000,14557,298,596
spark,1000,120000,5000,15371,299,599
spark,1000,120000,5000,16184,298,596
spark,1000,120000,5000,17093,300,600
spark,1000,120000,5000,17877,299,599
spark,1000,120000,5000,18688,298,597
spark,1000,120000,5000,19584,298,597
spark,1000,120000,5000,20372,300,600
spark,1000,120000,5000,21173,299,599
spark,1000,120000,5000,22100,327,654
spark,1000,120000,5000,22870,323,647
spark,1000,120000,5000,23649,333,666
spark,1000,120000,5000,24748,431,863
spark,1000,120000,5000,25583,465,930
spark,1000,120000,5000,26729,607,1215
spark,1000,120000,5000,28012,669,1338
spark,1000,120000,5000,28821,668,1336
spark,1000,120000,5000,29747,566,1133
spark,1000,120000,5000,30693,617,1235
spark,1000,120000,5000,31619,708,1416
spark,1000,120000,5000,32905,897,1794
spark,1000,120000,5000,33779,899,1798
spark,1000,120000,5000,34744,1026,2052
spark,1000,120000,5000,35598,1106,2213
spark,1000,120000,5000,36671,1432,2864
spark,1000,120000,5000,19897,1686,3372
spark,1000,120000,5000,1806,1776,3553
spark,1000,120000,5000,2916,1984,3969
spark,1000,120000,5000,3729,1984,3969
spark,1000,120000,5000,4937,2430,4860
spark,1000,120000,5000,5804,2427,4855
spark,1000,120000,5000,6752,2789,5578
spark,1000,120000,5000,7887,3253,6507
spark,1000,120000,5000,5753,3288,6576
spark,1000,120000,5000,1849,3288,6576
spark,1000,120000,5000,2783,3752,7505
spark,1000,120000,5000,3922,4269,8538
spark,1000,120000,5000,4726,4276,8553
spark,1000,120000,5000,3292,5290,10581
spark,1000,120000,5000,1935,5288,10576
spark,1000,120000,5000,2809,5147,10294
spark,1000,120000,5000,3936,5800,11600
spark,1000,120000,5000,1068,5796,11593
spark,1000,120000,5000,1804,6436,12873
spark,1000,120000,5000,2671,6726,13452
spark,1000,120000,5000,1171,8170,16341
spark,1000,120000,5000,1823,8159,16319
spark,1000,120000,5000,1660,8929,17858
spark,1000,120000,5000,1987,10142,20284
spark,1000,120000,5000,1695,10136,20273
spark,1000,120000,5000,1800,9331,18663
spark,1000,120000,5000,1516,10843,21686
spark,1000,120000,5000,1751,12106,24212
spark,1000,120000,5000,1007,14101,28202
spark,1000,120000,5000,1246,14102,28204
spark,1000,120000,5000,1487,15058,30116
spark,1000,120000,5000,1819,17245,34491
spark,1000,120000,5000,1787,17246,34492
spark,1000,120000,5000,976,18624,37249
spark,1000,120000,5000,861,18621,37243
spark,1000,120000,5000,924,20165,40330
spark,1000,120000,5000,1030,21007,42015
spark,1000,120000,5000,1785,20998,41997
spark,1000,120000,5000,1822,19198,38396
spark,1000,120000,5000,1712,22060,44121
spark,1000,120000,5000,1762,17318,34636
spark,1000,120000,5000,1628,22006,44013
spark,1000,120000,5000,1764,16324,32649
spark,1000,120000,5000,1607,22281,44563
spark,1000,120000,5000,1830,15733,31466
spark,1000,120000,5000,1653,23039,46079
spark,1000,120000,5000,1771,14676,29352
spark,1000,120000,5000,862,23568,47137
spark,1000,120000,5000,1507,24567,49134
spark,1000,120000,5000,1292,24566,49132
spark,1000,120000,5000,1174,23515,47030
spark,1000,120000,5000,847,24326,48652
spark,1000,120000,5000,1510,21556,43112
spark,1000,120000,5000,1499,25349,50699
spark,1000,120000,5000,1180,21227,42454
spark,1000,120000,5000,1995,22495,44990
spark,1000,120000,5000,1023,22460,44920
spark,1000,120000,5000,1566,22465,44930
spark,1000,120000,5000,1764,19740,39481
spark,1000,120000,5000,1645,19102,38204
spark,1000,120000,5000,1725,14653,29306
spark,1000,120000,5000,987,18376,36752
spark,1000,120000,5000,1069,12070,24140
spark,1000,120000,5000,1392,15439,30878
spark,1000,120000,5000,1748,10246,20492
spark,1000,120000,5000,1251,14725,29451
spark,1000,120000,5000,1633,8358,16717
spark,1000,120000,5000,1825,13827,27655
spark,1000,120000,5000,2074,8574,17149
spark,1000,120000,5000,1637,10721,21442
spark,1000,120000,5000,2106,8411,16822
spark,1000,120000,5000,1814,11254,22508
spark,1000,120000,5000,2269,7302,14605
spark,1000,120000,5000,1726,12167,24334
spark,1000,120000,5000,2168,7176,14353
spark,1000,120000,5000,1786,13066,26133
spark,1000,120000,5000,1841,7738,15477
spark,1000,120000,5000,1753,9068,18136
spark,1000,120000,5000,2295,10050,20101
spark,1000,120000,5000,1736,10045,20090
spark,1000,120000,5000,1893,11994,23988
spark,1000,120000,5000,1860,12805,25611
spark,1000,120000,5000,890,12803,25607
spark,1000,120000,5000,1435,15171,30342
spark,1000,120000,5000,1594,15172,30344
spark,1000,120000,5000,1858,16827,33655
spark,1000,120000,5000,1843,16824,33649
spark,1000,120000,5000,982,19038,38077
spark,1000,120000,5000,1026,20962,41925
spark,1000,120000,5000,893,20953,41907
spark,1000,120000,5000,1871,20057,40115
spark,1000,120000,5000,1736,21090,42180
spark,1000,120000,5000,1804,18076,36153
spark,1000,120000,5000,1675,21767,43534
spark,1000,120000,5000,1763,16468,32936
spark,1000,120000,5000,1676,22561,45122
spark,1000,120000,5000,1771,15759,31519
spark,1000,120000,5000,1733,21398,42797
spark,1000,120000,5000,1859,17047,34095
spark,1000,120000,5000,1679,19722,39445
spark,1000,120000,5000,1710,22222,44444
spark,1000,120000,5000,1577,22211,44423
spark,1000,120000,5000,1496,21098,42196
spark,1000,120000,5000,1324,23184,46369
spark,1000,120000,5000,1149,24323,48646
spark,1000,120000,5000,1061,24314,48629
spark,1000,120000,5000,1577,24339,48678
spark,1000,120000,5000,1371,22222,44445
spark,1000,120000,5000,1229,25100,50201
spark,1000,120000,5000,1006,20340,40681
spark,1000,120000,5000,1239,26057,52114
spark,1000,120000,5000,1748,20798,41596
spark,1000,120000,5000,1581,20316,40633
spark,1000,120000,5000,1462,21186,42372
spark,1000,120000,5000,1500,17922,35845
spark,1000,120000,5000,1415,22403,44806
spark,1000,120000,5000,1394,16507,33015
spark,1000,120000,5000,1482,22124,44248
spark,1000,120000,5000,1438,17481,34962
spark,1000,120000,5000,1494,20297,40594
spark,1000,120000,5000,1449,18099,36199
spark,1000,120000,5000,1389,18193,36386
spark,1000,120000,5000,1684,19831,39663
spark,1000,120000,5000,1629,19830,39660
spark,1000,120000,5000,1651,16980,33960
spark,1000,120000,5000,1705,20407,40814
spark,1000,120000,5000,1852,15777,31554
spark,1000,120000,5000,1747,18995,37991
spark,1000,120000,5000,1713,15191,30383
spark,1000,120000,5000,1313,19837,39675
spark,1000,120000,5000,1010,16404,32808
spark,1000,120000,5000,1295,17658,35316
spark,1000,120000,5000,1291,17556,35113
spark,1000,120000,5000,1336,15845,31690
spark,1000,120000,5000,1701,17353,34707
spark,1000,120000,5000,1770,17351,34703
spark,1000,120000,5000,1679,15876,31753
spark,1000,120000,5000,1149,18166,36332
spark,1000,120000,5000,963,18164,36329
spark,1000,120000,5000,1154,16394,32788
spark,1000,120000,5000,1279,19708,39416
spark,1000,120000,5000,1188,15539,31079
spark,1000,120000,5000,1446,17676,35353
spark,1000,120000,5000,1576,17203,34407
spark,1000,120000,5000,1727,16928,33856
spark,1000,120000,5000,1750,17939,35879
spark,1000,120000,5000,1797,20418,40837
spark,1000,120000,5000,1725,20429,40858
spark,1000,120000,5000,1580,18753,37506
spark,1000,120000,5000,1758,21463,42927
spark,1000,120000,5000,1554,21473,42947
spark,1000,120000,5000,1538,19640,39281
spark,1000,120000,5000,1431,23005,46010
spark,1000,120000,5000,1271,18382,36764
spark,1000,120000,5000,1397,20207,40414
spark,1000,120000,5000,1330,20213,40427
spark,1000,120000,5000,1254,19580,39161
spark,1000,120000,5000,1335,20829,41659
spark,1000,120000,5000,1184,20837,41675
spark,1000,120000,5000,1188,21969,43939
spark,1000,120000,5000,989,21973,43946
spark,1000,120000,5000,1177,20605,41211
spark,1000,120000,5000,1867,22242,44484
spark,1000,120000,5000,1690,16043,32087
spark,1000,120000,5000,980,22056,44113
spark,1000,120000,5000,1830,17766,35533
spark,1000,120000,5000,1783,19567,39135
spark,1000,120000,5000,1816,18132,36265
spark,1000,120000,5000,795,18670,37341
spark,1000,120000,5000,961,20733,41467
spark,1000,120000,5000,1781,20744,41488
spark,1000,120000,5000,1820,21450,42900
spark,1000,120000,5000,1624,21455,42910
spark,1000,120000,5000,1628,18392,36784
spark,1000,120000,5000,1480,22459,44918
spark,1000,120000,5000,1393,16814,33629
spark,1000,120000,5000,1730,18561,37123
spark,1000,120000,5000,1708,18558,37116
spark,1000,120000,5000,1762,15996,31993
spark,1000,120000,5000,1794,20039,40079
spark,1000,120000,5000,1670,15456,30913
spark,1000,120000,5000,1467,18205,36411
spark,1000,120000,5000,1086,18203,36406
spark,1000,120000,5000,1115,14298,28596
spark,1000,120000,5000,1428,18621,37243
spark,1000,120000,5000,1591,15603,31206
spark,1000,120000,5000,1717,17346,34693
spark,1000,120000,5000,1813,16427,32855
spark,1000,120000,5000,927,16714,33429
spark,1000,120000,5000,1210,17968,35936
spark,1000,120000,5000,1157,17967,35934
spark,1000,120000,5000,1407,15519,31039
spark,1000,120000,5000,1462,18649,37298
spark,1000,120000,5000,1568,13437,26874
spark,1000,120000,5000,1875,18741,37482
spark,1000,120000,5000,2002,14385,28770
spark,1000,120000,5000,1428,15172,30344
spark,1000,120000,5000,1417,14731,29463
spark,1000,120000,5000,1656,14010,28021
spark,1000,120000,5000,1889,14260,28520
spark,1000,120000,5000,1359,13989,27978
spark,1000,120000,5000,1624,12744,25488
spark,1000,120000,5000,1866,14037,28075
spark,1000,120000,5000,1148,11274,22548
spark,1000,120000,5000,1549,15115,30230
spark,1000,120000,5000,1780,11392,22784
spark,1000,120000,5000,1229,13993,27987
spark,1000,120000,5000,1591,12742,25485
spark,1000,120000,5000,1889,14477,28955
spark,1000,120000,5000,942,11705,23410
spark,1000,120000,5000,1461,14505,29010
spark,1000,120000,5000,1797,11747,23495
spark,1000,120000,5000,1153,13229,26458
spark,1000,120000,5000,1389,13230,26461
spark,1000,120000,5000,1719,14719,29438
spark,1000,120000,5000,2201,14719,29438
spark,1000,120000,5000,1419,13391,26782
spark,1000,120000,5000,2271,11680,23360
spark,1000,120000,5000,2499,14022,28044
spark,1000,120000,5000,2102,6404,12809
spark,1000,120000,5000,1874,12710,25421
spark,1000,120000,5000,1884,6438,12877
spark,1000,120000,5000,1602,9396,18793
spark,1000,120000,5000,2625,6267,12535
spark,1000,120000,5000,1051,9566,19133
spark,1000,120000,5000,1729,5476,10953
spark,1000,120000,5000,1949,9710,19421
spark,1000,120000,5000,1980,5167,10335
spark,1000,120000,5000,2924,7812,15625
spark,1000,120000,5000,2014,4940,9881
spark,1000,120000,5000,1592,7431,14863
spark,1000,120000,5000,2538,5276,10553
spark,1000,120000,5000,1937,8460,16921
spark,1000,120000,5000,1816,10041,20082
spark,1000,120000,5000,1651,10193,20387
spark,1000,120000,5000,1759,11830,23660
spark,1000,120000,5000,1255,13930,27860
spark,1000,120000,5000,1376,13928,27857
spark,1000,120000,5000,1588,15196,30392
spark,1000,120000,5000,1921,16749,33499
spark,1000,120000,5000,815,16746,33493
spark,1000,120000,5000,1228,19167,38335
spark,1000,120000,5000,1071,19169,38338
spark,1000,120000,5000,1009,15594,31189
spark,1000,120000,5000,1283,18858,37716
spark,1000,120000,5000,1315,16415,32831
spark,1000,120000,5000,2106,17427,34855
spark,1000,120000,5000,2286,17176,34353
spark,1000,120000,5000,1804,9825,19650
spark,1000,120000,5000,1710,13082,26165
spark,1000,120000,5000,1771,9714,19429
spark,1000,120000,5000,1143,10993,21987
spark,1000,120000,5000,1762,9500,19001
spark,1000,120000,5000,989,10787,21574
spark,1000,120000,5000,1741,8638,17277
spark,1000,120000,5000,994,10639,21278
spark,1000,120000,5000,1764,8141,16283
spark,1000,120000,5000,1271,10802,21604
spark,1000,120000,5000,1812,7632,15265
spark,1000,120000,5000,1311,9419,18838
spark,1000,120000,5000,1786,8284,16568
spark,1000,120000,5000,1589,10340,20681
spark,1000,120000,5000,1615,7935,15871
spark,1000,120000,5000,2082,9603,19207
spark,1000,120000,5000,1853,9597,19194
spark,1000,120000,5000,1821,10930,21861
spark,1000,120000,5000,1983,12339,24678
spark,1000,120000,5000,1119,12337,24674
spark,1000,120000,5000,1540,13471,26943
spark,1000,120000,5000,1863,13471,26942
spark,1000,120000,5000,963,14155,28311
spark,1000,120000,5000,1332,16278,32556
spark,1000,120000,5000,1461,16276,32553
spark,1000,120000,5000,1624,15592,31185
spark,1000,120000,5000,1759,16757,33514
spark,1000,120000,5000,817,18642,37284
spark,1000,120000,5000,1017,20241,40483
spark,1000,120000,5000,797,20237,40475
spark,1000,120000,5000,1928,18197,36395
spark,1000,120000,5000,810,21470,42940
spark,1000,120000,5000,1632,15809,31619
spark,1000,120000,5000,1145,17802,35605
spark,1000,120000,5000,1007,17798,35597
spark,1000,120000,5000,1156,19036,38072
spark,1000,120000,5000,1111,19043,38087
spark,1000,120000,5000,1288,19883,39766
spark,1000,120000,5000,1225,19877,39755
spark,1000,120000,5000,1096,17683,35367
spark,1000,120000,5000,1270,18331,36662
spark,1000,120000,5000,1226,18561,37123
spark,1000,120000,5000,1301,16886,33772
spark,1000,120000,5000,1504,19337,38674
spark,1000,120000,5000,1481,17391,34782
spark,1000,120000,5000,1616,17707,35414
spark,1000,120000,5000,1627,18984,37969
spark,1000,120000,5000,1607,16343,32687
spark,1000,120000,5000,1915,18693,37386
spark,1000,120000,5000,1849,18698,37396
spark,1000,120000,5000,1026,20617,41234
spark,1000,120000,5000,1823,20611,41222
spark,1000,120000,5000,1700,18842,37684
spark,1000,120000,5000,1761,20148,40296
spark,1000,120000,5000,1721,20141,40283
spark,1000,120000,5000,1725,19204,38409
spark,1000,120000,5000,1629,20827,41654
spark,1000,120000,5000,1428,22872,45744
spark,1000,120000,5000,1444,24076,48152
spark,1000,120000,5000,1144,24073,48147
spark,1000,120000,5000,1066,22366,44733
spark,1000,120000,5000,1654,25010,50020
spark,1000,120000,5000,1487,20854,41709
spark,1000,120000,5000,1572,25049,50099
spark,1000,120000,5000,1233,21221,42442
spark,1000,120000,5000,1079,19863,39727
spark,1000,120000,5000,1237,20489,40979
spark,1000,120000,5000,1039,17807,35615
spark,1000,120000,5000,1291,16283,32567
spark,1000,120000,5000,1417,16902,33804
spark,1000,120000,5000,1855,12933,25866
spark,1000,120000,5000,1991,14705,29410
spark,1000,120000,5000,1263,9673,19346
spark,1000,120000,5000,1719,13557,27115
spark,1000,120000,5000,1853,9435,18871
spark,1000,120000,5000,2341,11173,22346
spark,1000,120000,5000,1841,9243,18487
spark,1000,120000,5000,2216,10166,20333
spark,1000,120000,5000,1685,8446,16892
spark,1000,120000,5000,2397,9663,19326
spark,1000,120000,5000,1717,9213,18426
spark,1000,120000,5000,2608,9226,18452
spark,1000,120000,5000,1826,10388,20777
spark,1000,120000,5000,2637,8715,17430
spark,1000,120000,5000,1888,10357,20715
spark,1000,120000,5000,2471,10350,20701
spark,1000,120000,5000,1695,11902,23804
spark,1000,120000,5000,1836,13915,27831
spark,1000,120000,5000,1747,13916,27832
spark,1000,120000,5000,1814,12376,24752
spark,1000,120000,5000,1425,14590,29180
spark,1000,120000,5000,1319,15792,31584
spark,1000,120000,5000,1649,17776,35553
spark,1000,120000,5000,1697,17780,35560
spark,1000,120000,5000,1805,17339,34678
spark,1000,120000,5000,1773,17928,35857
spark,1000,120000,5000,899,20193,40387
spark,1000,120000,5000,1855,20638,41277
spark,1000,120000,5000,1716,20641,41282
spark,1000,120000,5000,1609,23072,46145
spark,1000,120000,5000,1399,23079,46159
spark,1000,120000,5000,1311,21396,42792
spark,1000,120000,5000,1181,24586,49172
spark,1000,120000,5000,905,20518,41037
spark,1000,120000,5000,987,22074,44149
spark,1000,120000,5000,1680,22065,44130
spark,1000,120000,5000,1626,20549,41099
spark,1000,120000,5000,1424,22591,45183
spark,1000,120000,5000,1380,25333,50666
spark,1000,120000,5000,1054,25326,50653
spark,1000,120000,5000,1759,22232,44465
spark,1000,120000,5000,1555,24380,48761
spark,1000,120000,5000,1419,19600,39201
spark,1000,120000,5000,1241,23415,46830
spark,1000,120000,5000,1131,17706,35413
spark,1000,120000,5000,1279,24949,49899
spark,1000,120000,5000,942,18465,36931
spark,1000,120000,5000,1127,21762,43525
spark,1000,120000,5000,890,19242,38484
spark,1000,120000,5000,993,18697,37394
spark,1000,120000,5000,929,19401,38803
spark,1000,120000,5000,917,17309,34618
spark,1000,120000,5000,1127,19660,39321
spark,1000,120000,5000,1052,18430,36860
spark,1000,120000,5000,1159,18327,36655
spark,1000,120000,5000,1114,18591,37183
spark,1000,120000,5000,1188,17641,35283
spark,1000,120000,5000,1266,19691,39383
spark,1000,120000,5000,1236,17173,34347
spark,1000,120000,5000,1523,19200,38400
spark,1000,120000,5000,1417,19198,38396
spark,1000,120000,5000,1356,17887,35774
spark,1000,120000,5000,1554,19937,39875
spark,1000,120000,5000,1459,19932,39865
spark,1000,120000,5000,1352,18767,37535
spark,1000,120000,5000,1554,20838,41676
spark,1000,120000,5000,1458,20828,41656
spark,1000,120000,5000,1301,19110,38221
spark,1000,120000,5000,1370,19873,39747
spark,1000,120000,5000,1303,19731,39463
spark,1000,120000,5000,1385,19155,38311
spark,1000,120000,5000,1279,20580,41161
spark,1000,120000,5000,1344,17666,35333
spark,1000,120000,5000,1352,21883,43766
spark,1000,120000,5000,1345,15358,30716
spark,1000,120000,5000,1635,21321,42643
spark,1000,120000,5000,1626,15201,30403
spark,1000,120000,5000,1748,16227,32454
spark,1000,120000,5000,2030,14406,28812
spark,1000,120000,5000,1296,13534,27068
spark,1000,120000,5000,1638,11440,22880
spark,1000,120000,5000,1808,11947,23894
spark,1000,120000,5000,1672,9878,19756
spark,1000,120000,5000,1804,11624,23248
spark,1000,120000,5000,1288,9537,19074
spark,1000,120000,5000,1658,10593,21186
spark,1000,120000,5000,1320,9568,19136
spark,1000,120000,5000,1873,11537,23075
spark,1000,120000,5000,755,8257,16514
spark,1000,120000,5000,1693,12474,24949
spark,1000,120000,5000,1775,9309,18618
spark,1000,120000,5000,2472,10844,21688
spark,1000,120000,5000,1795,10990,21980
spark,1000,120000,5000,1799,12202,24405
spark,1000,120000,5000,1894,14301,28602
spark,1000,120000,5000,2228,14300,28600
spark,1000,120000,5000,1534,13519,27038
spark,1000,120000,5000,1720,10867,21735
spark,1000,120000,5000,1782,14150,28300
spark,1000,120000,5000,1755,10417,20834
spark,1000,120000,5000,1710,14941,29882
spark,1000,120000,5000,1666,10089,20179
spark,1000,120000,5000,2227,11470,22940
spark,1000,120000,5000,1778,11472,22945
spark,1000,120000,5000,1500,13395,26790
spark,1000,120000,5000,1609,14584,29169
spark,1000,120000,5000,1795,14585,29170
spark,1000,120000,5000,1049,16331,32663
spark,1000,120000,5000,1246,16331,32663
spark,1000,120000,5000,1380,15346,30692
spark,1000,120000,5000,1609,14495,28990
spark,1000,120000,5000,1843,14893,29786
spark,1000,120000,5000,924,14607,29214
spark,1000,120000,5000,1267,14440,28881
spark,1000,120000,5000,1465,16149,32299
spark,1000,120000,5000,1607,18037,36074
spark,1000,120000,5000,1774,18678,37357
spark,1000,120000,5000,1755,18673,37346
spark,1000,120000,5000,1674,17080,34161
spark,1000,120000,5000,1909,19452,38905
spark,1000,120000,5000,1903,19457,38915
spark,1000,120000,5000,1687,17708,35417
spark,1000,120000,5000,1121,19342,38684
spark,1000,120000,5000,847,19347,38695
spark,1000,120000,5000,989,21700,43401
spark,1000,120000,5000,1710,21696,43392
spark,1000,120000,5000,1506,22759,45518
spark,1000,120000,5000,1509,24000,48001
spark,1000,120000,5000,1251,24001,48002
spark,1000,120000,5000,1045,21916,43832
spark,1000,120000,5000,877,23575,47150
spark,1000,120000,5000,1625,20106,40212
spark,1000,120000,5000,1600,24331,48662
spark,1000,120000,5000,1396,19929,39859
spark,1000,120000,5000,1387,21742,43484
spark,1000,120000,5000,1205,21024,42049
spark,1000,120000,5000,1104,20024,40048
spark,1000,120000,5000,1261,22466,44933
spark,1000,120000,5000,1001,21248,42496
spark,1000,120000,5000,1126,18608,37216
spark,1000,120000,5000,968,20735,41470
spark,1000,120000,5000,826,14610,29220
spark,1000,120000,5000,1232,19657,39315
spark,1000,120000,5000,1197,15295,30590
spark,1000,120000,5000,1447,16158,32316
spark,1000,120000,5000,1644,15276,30553
spark,1000,120000,5000,1723,14381,28762
spark,1000,120000,5000,1211,15579,31158
spark,1000,120000,5000,1235,14581,29163
spark,1000,120000,5000,1532,14312,28624
spark,1000,120000,5000,1835,15558,31116
spark,1000,120000,5000,865,14606,29212
spark,1000,120000,5000,1243,16313,32626
spark,1000,120000,5000,1353,16314,32628
spark,1000,120000,5000,1500,17687,35375
spark,1000,120000,5000,1635,17689,35378
spark,1000,120000,5000,1623,17089,34178
spark,1000,120000,5000,1875,18356,36712
spark,1000,120000,5000,1937,18357,36715
spark,1000,120000,5000,798,16606,33212
spark,1000,120000,5000,1089,18819,37639
spark,1000,120000,5000,1043,17303,34606
spark,1000,120000,5000,1226,17669,35338
spark,1000,120000,5000,1413,17357,34715
spark,1000,120000,5000,1436,15680,31361
spark,1000,120000,5000,1668,15906,31813
spark,1000,120000,5000,1816,16286,32572
spark,1000,120000,5000,871,14842,29685
spark,1000,120000,5000,1150,17532,35064
spark,1000,120000,5000,1225,14732,29465
spark,1000,120000,5000,1553,16443,32887
spark,1000,120000,5000,1710,16443,32887
spark,1000,120000,5000,1685,18123,36246
spark,1000,120000,5000,1917,20390,40780
spark,1000,120000,5000,1762,20383,40766
spark,1000,120000,5000,1765,17830,35661
spark,1000,120000,5000,1801,21574,43149
spark,1000,120000,5000,1941,16915,33830
spark,1000,120000,5000,1770,19770,39540
spark,1000,120000,5000,1684,15761,31522
spark,1000,120000,5000,1205,20650,41300
spark,1000,120000,5000,865,17387,34774
spark,1000,120000,5000,1098,18666,37332
spark,1000,120000,5000,1052,18478,36957
spark,1000,120000,5000,1067,16738,33477
spark,1000,120000,5000,1331,18541,37082
spark,1000,120000,5000,1342,18539,37078
spark,1000,120000,5000,1331,16972,33945
spark,1000,120000,5000,1606,18110,36221
spark,1000,120000,5000,1721,18109,36219
spark,1000,120000,5000,1725,16467,32934
spark,1000,120000,5000,1872,17107,34215
spark,1000,120000,5000,848,17309,34618
spark,1000,120000,5000,1043,15782,31564
spark,1000,120000,5000,1154,18918,37837
spark,1000,120000,5000,1141,19896,39793
spark,1000,120000,5000,1250,19904,39809
spark,1000,120000,5000,1148,19559,39118
spark,1000,120000,5000,1087,18343,36686
spark,1000,120000,5000,1258,20129,40259
spark,1000,120000,5000,1147,20127,40255
spark,1000,120000,5000,1132,18696,37392
spark,1000,120000,5000,1084,20032,40065
spark,1000,120000,5000,1220,18860,37720
spark,1000,120000,5000,1090,20466,40932
spark,1000,120000,5000,1136,22359,44719
spark,1000,120000,5000,1030,22355,44711
spark,1000,120000,5000,1742,20654,41308
spark,1000,120000,5000,1778,20422,40845
spark,1000,120000,5000,2130,21616,43232
spark,1000,120000,5000,2022,17602,35205
spark,1000,120000,5000,1790,14734,29468
spark,1000,120000,5000,963,14855,29711
spark,1000,120000,5000,1279,14215,28430
spark,1000,120000,5000,1609,13976,27952
spark,1000,120000,5000,1692,12394,24788
spark,1000,120000,5000,1423,13419,26838
spark,1000,120000,5000,1541,13102,26205
spark,1000,120000,5000,1707,12449,24898
spark,1000,120000,5000,1421,13804,27608
spark,1000,120000,5000,1570,12807,25614
spark,1000,120000,5000,1693,12815,25631
spark,1000,120000,5000,1312,13535,27070
spark,1000,120000,5000,1501,13685,27370
spark,1000,120000,5000,1812,14476,28952
spark,1000,120000,5000,927,15517,31034
spark,1000,120000,5000,1038,15666,31333
spark,1000,120000,5000,1406,18031,36062
spark,1000,120000,5000,1367,18032,36064
spark,1000,120000,5000,1363,16477,32954
spark,1000,120000,5000,1749,19026,38053
spark,1000,120000,5000,1639,19024,38048
spark,1000,120000,5000,1698,16272,32544
spark,1000,120000,5000,1728,20274,40549
spark,1000,120000,5000,1743,15764,31528
spark,1000,120000,5000,1086,17613,35227
spark,1000,120000,5000,988,17613,35226
spark,1000,120000,5000,1179,16051,32102
spark,1000,120000,5000,1231,18460,36921
spark,1000,120000,5000,1242,20041,40082
spark,1000,120000,5000,1300,21257,42514
spark,1000,120000,5000,1087,21266,42532
spark,1000,120000,5000,1124,23053,46107
spark,1000,120000,5000,858,23063,46127
spark,1000,120000,5000,1633,21563,43126
spark,1000,120000,5000,1476,23254,46509
spark,1000,120000,5000,1290,20321,40643
spark,1000,120000,5000,1348,21919,43838
spark,1000,120000,5000,1276,21917,43834
spark,1000,120000,5000,1125,20361,40722
spark,1000,120000,5000,965,20356,40712
spark,1000,120000,5000,968,18879,37759
spark,1000,120000,5000,1064,22068,44137
spark,1000,120000,5000,840,19379,38758
spark,1000,120000,5000,997,20931,41863
spark,1000,120000,5000,1757,20515,41031
spark,1000,120000,5000,1592,22848,45697
spark,1000,120000,5000,1479,22849,45698
spark,1000,120000,5000,1264,23610,47220
spark,1000,120000,5000,1217,24670,49341
spark,1000,120000,5000,885,24663,49327
spark,1000,120000,5000,1440,22568,45136
spark,1000,120000,5000,1416,24325,48650
spark,1000,120000,5000,1169,24322,48644
spark,1000,120000,5000,901,22880,45760
spark,1000,120000,5000,1621,24120,48240
spark,1000,120000,5000,1418,24127,48254
spark,1000,120000,5000,1308,22991,45983
spark,1000,120000,5000,1073,25063,50126
spark,1000,120000,5000,1716,21477,42955
spark,1000,120000,5000,1657,25542,51084
spark,1000,120000,5000,1383,21533,43067
spark,1000,120000,5000,1308,22502,45004
spark,1000,120000,5000,1228,21789,43578
spark,1000,120000,5000,1144,20295,40591
spark,1000,120000,5000,923,19339,38679
spark,1000,120000,5000,1050,16787,33574
spark,1000,120000,5000,1081,20048,40097
spark,1000,120000,5000,1219,15393,30787
spark,1000,120000,5000,1246,19872,39744
spark,1000,120000,5000,1484,13960,27920
spark,1000,120000,5000,1550,20190,40381
spark,1000,120000,5000,1807,12383,24767
spark,1000,120000,5000,857,19934,39869
spark,1000,120000,5000,816,12019,24038
spark,1000,120000,5000,1230,20553,41106
spark,1000,120000,5000,1264,12569,25138
spark,1000,120000,5000,1738,14152,28305
spark,1000,120000,5000,1833,14153,28306
spark,1000,120000,5000,1314,15717,31434
spark,1000,120000,5000,1399,18021,36042
spark,1000,120000,5000,1336,18017,36035
spark,1000,120000,5000,1430,20111,40222
spark,1000,120000,5000,1368,20120,40241
spark,1000,120000,5000,1290,18960,37921
spark,1000,120000,5000,1421,20551,41102
spark,1000,120000,5000,1294,20561,41123
spark,1000,120000,5000,1176,18971,37943
spark,1000,120000,5000,1282,20522,41044
spark,1000,120000,5000,1220,19763,39527
spark,1000,120000,5000,1249,19634,39269
spark,1000,120000,5000,1156,19587,39175
spark,1000,120000,5000,1335,17860,35721
spark,1000,120000,5000,1287,18851,37703
spark,1000,120000,5000,1550,15429,30858
spark,1000,120000,5000,1639,17885,35771
spark,1000,120000,5000,1641,11742,23485
spark,1000,120000,5000,1126,17537,35075
spark,1000,120000,5000,1101,12610,25221
spark,1000,120000,5000,1495,15828,31656
spark,1000,120000,5000,1768,13417,26834
spark,1000,120000,5000,920,15049,30098
spark,1000,120000,5000,1224,14857,29714
spark,1000,120000,5000,1449,16150,32300
spark,1000,120000,5000,1684,17125,34251
spark,1000,120000,5000,1726,17127,34254
spark,1000,120000,5000,1703,19282,38564
spark,1000,120000,5000,1836,20000,40001
spark,1000,120000,5000,1769,19993,39987
spark,1000,120000,5000,1777,17848,35696
spark,1000,120000,5000,1712,20801,41602
spark,1000,120000,5000,1807,16886,33773
spark,1000,120000,5000,1713,21408,42816
spark,1000,120000,5000,1681,16233,32466
spark,1000,120000,5000,1030,17954,35909
spark,1000,120000,5000,939,17956,35912
spark,1000,120000,5000,979,18767,37535
spark,1000,120000,5000,1141,21149,42298
spark,1000,120000,5000,957,21160,42320
spark,1000,120000,5000,913,20086,40173
spark,1000,120000,5000,848,21358,42717
spark,1000,120000,5000,1647,18837,37674
spark,1000,120000,5000,1753,21628,43256
spark,1000,120000,5000,1672,21637,43275
spark,1000,120000,5000,1638,20156,40312
spark,1000,120000,5000,1554,21316,42632
spark,1000,120000,5000,1537,18483,36967
spark,1000,120000,5000,1422,20476,40953
spark,1000,120000,5000,1443,17123,34246
spark,1000,120000,5000,1547,20351,40703
spark,1000,120000,5000,1711,17399,34798
spark,1000,120000,5000,1786,18802,37605
spark,1000,120000,5000,1842,15698,31396
spark,1000,120000,5000,1690,16593,33187
spark,1000,120000,5000,1267,15889,31779
spark,1000,120000,5000,1343,17657,35314
spark,1000,120000,5000,1407,14257,28515
spark,1000,120000,5000,1775,14726,29452
spark,1000,120000,5000,1876,14786,29573
spark,1000,120000,5000,1322,12721,25442
spark,1000,120000,5000,1438,14992,29984
spark,1000,120000,5000,1656,12173,24346
spark,1000,120000,5000,1112,15455,30911
spark,1000,120000,5000,1262,13718,27436
spark,1000,120000,5000,1635,14917,29834
spark,1000,120000,5000,1818,14238,28477
spark,1000,120000,5000,1109,15383,30766
spark,1000,120000,5000,1275,15384,30769
spark,1000,120000,5000,1417,15201,30403
spark,1000,120000,5000,1814,17305,34610
spark,1000,120000,5000,1796,17303,34606
spark,1000,120000,5000,1665,15436,30872
spark,1000,120000,5000,1257,17423,34846
spark,1000,120000,5000,1121,17426,34853
spark,1000,120000,5000,1297,16388,32776
spark,1000,120000,5000,1430,16555,33111
spark,1000,120000,5000,1532,15687,31374
spark,1000,120000,5000,1751,17745,35490
spark,1000,120000,5000,1794,17744,35488
spark,1000,120000,5000,942,20125,40251
spark,1000,120000,5000,1746,20126,40252
spark,1000,120000,5000,1661,21529,43058
spark,1000,120000,5000,1646,21773,43547
spark,1000,120000,5000,1495,21763,43526
spark,1000,120000,5000,1501,20418,40836
spark,1000,120000,5000,1294,21890,43780
spark,1000,120000,5000,1287,17957,35914
spark,1000,120000,5000,1252,24071,48142
spark,1000,120000,5000,1100,17401,34802
spark,1000,120000,5000,1301,23792,47585
